Code,Name,ListingDate,Shares,ListingBoard,Sector,LastPrice,MarketCap,MinutesFirstAdded,MinutesLastUpdated,HourlyFirstAdded,HourlyLastUpdated,DailyFirstAdded,DailyLastUpdated,PER,PriceToBook,Volatilitas,ROI_Tahunan,DividendYield
AALI,Astra Agro Lestari Tbk.,1997-12-09,1924688333.0,Utama,Consumer Non-Cyclicals,8000.0,15397506664000.0,2021-11-01 09:00:00,2023-01-06 15:59:00,2020-04-16 09:00:00,2023-01-06 15:00:00,2001-04-16,2023-01-06,1.0,8000.0,0.8047,0.1104,0.0549
ABBA,Mahaka Media Tbk.,2002-04-03,3935892857.0,Pengembangan,Consumer Cyclicals,142.0,558896785694.0,2021-11-01 09:00:00,2023-01-06 15:59:00,2020-04-16 09:00:00,2023-01-06 15:00:00,2002-04-03,2023-01-06,1.0,142.0,0.6483,0.3816,0.0692
ABDA,Asuransi Bina Dana Arta Tbk.,1989-07-06,620806680.0,Pengembangan,Financials,6700.0,4159404756000.0,2021-11-01 09:00:00,2022-11-11 15:59:00,2020-04-16 09:00:00,2022-11-11 16:00:00,2001-04-16,2023-01-06,1.0,6700.0,0.6419,-0.1357,0.0161
ABMM,ABM Investama Tbk.,2011-12-06,2753165000.0,Utama,Industrials,3050.0,8397153250000.0,2021-11-01 09:00:00,2023-01-06 15:59:00,2020-04-16 09:00:00,2023-01-06 15:00:00,2011-12-06,2023-01-06,1.0,3050.0,0.4042,-0.0044,0.0002
ACES,Ace Hardware Indonesia Tbk.,2007-11-06,17150000000.0,Utama,Consumer Cyclicals,490.0,8403500000000.0,2021-11-01 09:00:00,2023-01-06 15:59:00,2020-04-16 09:00:00,2023-01-06 15:00:00,2007-11-06,2023-01-06,1.0,490.0,0.4912,-0.2452,0.0423
ACST,Acset Indonusa Tbk.,2013-06-24,12675160000.0,Utama,Infrastructures,156.0,1977324960000.0,2021-11-01 09:00:00,2023-01-06 15:59:00,2020-04-16 09:00:00,2023-01-06 15:00:00,2013-06-24,2023-01-06,1.0,156.0,0.3942,-0.276,0.0435
ADCP,Adhi Commuter Properti Tbk.,2021-05-21,22222222200.0,Utama,Properties & Real Estate,64.0,1422222220800.0,2022-02-21 09:00:00,2023-01-06 15:59:00,2021-05-21 09:00:00,2023-01-06 15:00:00,2021-05-21,2023-01-06,1.0,64.0,0.7573,-0.2535,0.0304
ADES,Akasha Wira International Tbk.,1994-06-13,589896800.0,Pengembangan,Consumer Non-Cyclicals,7125.0,4203014700000.0,2021-11-01 09:00:00,2023-01-06 15:59:00,2020-04-16 09:00:00,2023-01-06 15:00:00,2001-04-16,2023-01-06,1.0,7125.0,0.489,0.1581,0.0794
ADHI,Adhi Karya (Persero) Tbk.,2004-03-18,3560849376.0,Utama,Infrastructures,452.0,1609503917952.0,2021-11-01 09:00:00,2023-01-06 15:59:00,2020-04-16 09:00:00,2023-01-06 15:00:00,2004-03-18,2023-01-06,1.0,452.0,0.6134,0.293,0.0595
ADMF,Adira Dinamika Multi Finance T,2004-03-31,1000000000.0,Utama,Financials,8850.0,8850000000000.0,2021-11-01 09:00:00,2023-01-06 15:59:00,2020-04-16 09:00:00,2023-01-06 15:00:00,2004-03-31,2023-01-06,1.0,8850.0,0.337,0.181,0.0195
ADMG,Polychem Indonesia Tbk,1993-10-20,3889179559.0,Utama,Basic Materials,150.0,583376933850.0,2021-11-01 09:00:00,2023-01-06 15:59:00,2020-04-16 09:00:00,2023-01-06 15:00:00,2001-04-16,2023-01-06,1.0,150.0,0.5846,0.4373,0.0001
ADMR,Adaro Minerals Indonesia Tbk.,2022-01-03,40882331500.0,Pengembangan,Energy,1560.0,63776437140000.0,2022-01-03 09:00:00,2023-01-06 15:59:00,2022-01-03 09:00:00,2023-01-06 15:00:00,2022-01-03,2023-01-06,1.0,1560.0,0.8414,0.1741,0.0628
ADRO,Adaro Energy Indonesia Tbk.,2008-07-16,31985962000.0,Utama,Energy,3140.0,100435920680000.0,2021-11-01 09:00:00,2023-01-06 15:59:00,2020-04-16 09:00:00,2023-01-06 15:00:00,2008-07-16,2023-01-06,1.0,3140.0,0.4116,0.4162,0.0514
AGAR,Asia Sejahtera Mina Tbk.,2019-12-02,1000000000.0,Pengembangan,Consumer Non-Cyclicals,270.0,270000000000.0,2021-11-01 09:00:00,2023-01-06 15:59:00,2020-04-16 09:00:00,2023-01-06 15:00:00,2019-12-02,2023-01-06,1.0,270.0,0.5707,0.3669,0.0591
AGII,Aneka Gas Industri Tbk.,2016-09-28,3066660000.0,Utama,Basic Materials,1935.0,5933987100000.0,2021-11-01 09:00:00,2023-01-06 15:59:00,2020-04-16 09:00:00,2023-01-06 15:00:00,2016-09-28,2023-01-06,1.0,1935.0,0.68,-0.2618,0.0159
AGRO,Bank Raya Indonesia Tbk.,2003-08-08,22520054593.0,Utama,Financials,406.0,9143142164758.0,2021-11-01 09:00:00,2023-01-06 15:59:00,2020-04-16 09:00:00,2023-01-06 15:00:00,2003-08-08,2023-01-06,1.0,406.0,0.6671,0.3886,0.0735
AGRS,Bank IBK Indonesia Tbk.,2014-12-22,17481603282.0,Pengembangan,Financials,89.0,1555862692098.0,2021-11-01 09:00:00,2023-01-06 15:59:00,2020-04-16 09:00:00,2023-01-06 15:00:00,2014-12-22,2023-01-06,1.0,89.0,0.1821,-0.063,0.0411
AHAP,Asuransi Harta Aman Pratama Tb,1990-09-14,2940000000.0,Pengembangan,Financials,64.0,188160000000.0,2021-11-01 09:00:00,2023-01-06 15:59:00,2020-04-16 09:00:00,2023-01-06 15:00:00,2001-04-16,2023-01-06,1.0,64.0,0.5977,-0.038,0.0353
AIMS,Akbar Indo Makmur Stimec Tbk,2001-07-20,220000000.0,Pengembangan,Energy,274.0,60280000000.0,2021-11-01 09:00:00,2023-01-06 15:59:00,2020-04-16 09:00:00,2023-01-06 15:00:00,2001-07-20,2023-01-06,1.0,274.0,0.8313,0.0311,0.0515
AISA,FKS Food Sejahtera Tbk.,1997-06-11,9311800000.0,Utama,Consumer Non-Cyclicals,142.0,1322275600000.0,2021-11-01 09:00:00,2023-01-06 15:59:00,2020-04-16 09:00:00,2023-01-06 15:00:00,2001-04-16,2023-01-06,1.0,142.0,0.1439,-0.0332,0.0526
AKKU,Anugerah Kagum Karya Utama Tbk,2004-11-01,6449463636.0,Pengembangan,Consumer Cyclicals,50.0,322473181800.0,2021-11-01 09:00:00,2023-01-06 15:59:00,2020-04-16 09:00:00,2023-01-06 15:00:00,2004-11-01,2023-01-06,1.0,50.0,0.6803,0.2338,0.0144
AKPI,Argha Karya Prima Industry Tbk,1992-12-18,612248000.0,Pengembangan,Basic Materials,1150.0,704085200000.0,2021-11-01 09:00:00,2023-01-06 15:59:00,2020-04-16 09:00:00,2023-01-06 15:00:00,2001-04-16,2023-01-06,1.0,1150.0,0.4313,-0.2901,0.079
AKRA,AKR Corporindo Tbk.,1994-10-03,20073474600.0,Utama,Energy,1270.0,25493312742000.0,2021-11-01 09:00:00,2023-01-06 15:59:00,2020-04-16 09:00:00,2023-01-06 15:00:00,2001-04-16,2023-01-06,1.0,1270.0,0.7158,-0.1124,0.0357
AKSI,Mineral Sumberdaya Mandiri Tbk,2001-07-13,720000000.0,Pengembangan,Transportation & Logistic,406.0,292320000000.0,2021-11-01 09:00:00,2023-01-06 15:59:00,2020-04-16 09:00:00,2023-01-06 15:00:00,2001-07-13,2023-01-06,1.0,406.0,0.6758,0.0326,0.0134
ALDO,Alkindo Naratama Tbk.,2011-07-12,1316856020.0,Pengembangan,Basic Materials,800.0,1053484816000.0,2021-11-01 09:00:00,2023-01-06 15:59:00,2020-04-16 09:00:00,2023-01-06 15:00:00,2011-07-12,2023-01-06,1.0,800.0,0.0575,0.102,0.0085
ALKA,Alakasa Industrindo Tbk,1990-07-12,507665055.0,Pengembangan,Basic Materials,600.0,304599033000.0,2021-11-01 09:00:00,2023-01-06 15:59:00,2020-04-16 09:00:00,2023-01-06 15:00:00,2001-04-16,2023-01-06,1.0,600.0,0.7682,0.4968,0.0677
ALMI,Alumindo Light Metal Industry ,1997-01-02,3816000000.0,Pengembangan,Basic Materials,292.0,1114272000000.0,2021-11-01 09:00:00,2023-01-06 15:59:00,2020-04-16 09:00:00,2023-01-06 15:00:00,2001-04-16,2023-01-06,1.0,292.0,0.6788,0.1547,0.015
ALTO,Tri Banyan Tirta Tbk.,2012-07-10,2191870558.0,Utama,Consumer Non-Cyclicals,50.0,109593527900.0,2021-11-01 09:00:00,2023-01-06 15:59:00,2020-04-16 09:00:00,2023-01-06 15:00:00,2012-07-10,2023-01-06,1.0,50.0,0.2748,0.4563,0.0005
AMAG,Asuransi Multi Artha Guna Tbk.,2005-12-23,5001552516.0,Pengembangan,Financials,358.0,1790555800728.0,2021-11-01 09:00:00,2023-01-06 15:59:00,2020-04-16 09:00:00,2023-01-06 15:00:00,2005-12-23,2023-01-06,1.0,358.0,0.1753,0.0759,0.0329
AMAN,Makmur Berkah Amanda Tbk.,2020-03-13,3873500000.0,Utama,Properties & Real Estate,710.0,2750185000000.0,2021-11-01 09:00:00,2023-01-06 15:59:00,2020-04-16 09:00:00,2023-01-06 15:00:00,2020-03-13,2023-01-06,1.0,710.0,0.5485,0.3474,0.0766
AMAR,Bank Amar Indonesia Tbk.,2020-01-09,13681871000.0,Pengembangan,Financials,224.0,3064739104000.0,2021-11-01 09:00:00,2023-01-06 15:59:00,2020-04-16 09:00:00,2023-01-06 15:00:00,2020-01-09,2023-01-06,1.0,224.0,0.4929,0.101,0.0184
AMFG,Asahimas Flat Glass Tbk.,1995-11-08,434000000.0,Utama,Industrials,5250.0,2278500000000.0,2021-11-01 09:00:00,2023-01-06 15:59:00,2020-04-16 09:00:00,2023-01-06 15:00:00,2001-04-16,2023-01-06,1.0,5250.0,0.3229,-0.264,0.0213
AMIN,Ateliers Mecaniques D Indonesi,2015-12-10,1080000000.0,Pengembangan,Industrials,171.0,184680000000.0,2021-11-01 09:00:00,2023-01-06 15:59:00,2020-04-16 09:00:00,2023-01-06 15:00:00,2015-12-10,2023-01-06,1.0,171.0,0.189,-0.0495,0.0584
AMMS,Agung Menjangan Mas Tbk.,2022-08-04,1200000000.0,Akselerasi,Consumer Non-Cyclicals,41.0,49200000000.0,2022-08-04 09:00:00,2023-01-06 15:59:00,2022-08-04 09:00:00,2023-01-06 15:00:00,2022-08-04,2023-01-06,1.0,41.0,0.2029,0.4626,0.0545
AMOR,Ashmore Asset Management Indon,2020-01-14,2222222400.0,Pengembangan,Financials,1320.0,2933333568000.0,2021-11-01 09:00:00,2023-01-06 15:59:00,2020-04-16 09:00:00,2023-01-06 15:00:00,2020-01-14,2023-01-06,1.0,1320.0,0.7793,0.0827,0.0255
AMRT,Sumber Alfaria Trijaya Tbk.,2009-01-15,41524501700.0,Utama,Consumer Non-Cyclicals,2800.0,116268604760000.0,2021-11-01 09:00:00,2023-01-06 15:59:00,2020-04-16 09:00:00,2023-01-06 15:00:00,2009-01-15,2023-01-06,1.0,2800.0,0.5601,0.3485,0.0453
ANDI,Andira Agro Tbk.,2018-08-16,9350000000.0,Pengembangan,Consumer Non-Cyclicals,50.0,467500000000.0,2021-11-01 09:00:00,2023-01-06 15:59:00,2020-04-16 09:00:00,2023-01-06 15:00:00,2018-08-16,2023-01-06,1.0,50.0,0.1252,0.4802,0.0081
ANJT,Austindo Nusantara Jaya Tbk.,2013-05-08,3354175000.0,Utama,Consumer Non-Cyclicals,645.0,2163442875000.0,2021-11-01 09:00:00,2023-01-06 15:59:00,2020-04-16 09:00:00,2023-01-06 15:00:00,2013-05-08,2023-01-06,1.0,645.0,0.4311,-0.267,0.0352
ANTM,Aneka Tambang Tbk.,1997-11-27,24030764725.0,Utama,Basic Materials,1985.0,47701067979125.0,2021-11-01 09:00:00,2023-01-06 15:59:00,2020-04-16 09:00:00,2023-01-06 15:00:00,2001-04-16,2023-01-06,1.0,1985.0,0.385,-0.2054,0.063
APEX,Apexindo Pratama Duta Tbk.,2013-06-05,2796804997.0,Pengembangan,Energy,252.0,704794859244.0,2021-11-01 09:00:00,2023-01-06 15:59:00,2020-04-16 09:00:00,2023-01-06 15:00:00,2013-06-05,2023-01-06,1.0,252.0,0.3468,0.4241,0.0463
APIC,Pacific Strategic Financial Tb,2002-12-18,11766313488.0,Pengembangan,Financials,1120.0,13178271106560.0,2021-11-01 09:00:00,2023-01-06 15:59:00,2020-04-16 09:00:00,2023-01-06 15:00:00,2002-12-18,2023-01-06,1.0,1120.0,0.4039,0.3388,0.0786
APII,Arita Prima Indonesia Tbk.,2013-10-29,1075760000.0,Pengembangan,Industrials,199.0,214076240000.0,2021-11-01 09:00:00,2023-01-06 15:59:00,2020-04-16 09:00:00,2023-01-06 15:00:00,2013-10-29,2023-01-06,1.0,199.0,0.406,-0.2694,0.0789
APLI,Asiaplast Industries Tbk.,2000-05-01,1362671400.0,Utama,Basic Materials,260.0,354294564000.0,2021-11-01 09:00:00,2023-01-06 15:59:00,2020-04-16 09:00:00,2023-01-06 15:00:00,2001-04-16,2023-01-06,1.0,260.0,0.4774,0.1723,0.0394
APLN,Agung Podomoro Land Tbk.,2010-11-11,22699326779.0,Utama,Properties & Real Estate,143.0,3246003729397.0,2021-11-01 09:00:00,2023-01-06 15:59:00,2020-04-16 09:00:00,2023-01-06 15:00:00,2010-11-11,2023-01-06,1.0,143.0,0.0876,0.0457,0.0412
ARCI,Archi Indonesia Tbk.,2021-06-28,24835000000.0,Utama,Basic Materials,330.0,8195550000000.0,2021-11-01 09:00:00,2023-01-06 15:59:00,2021-06-28 09:00:00,2023-01-06 15:00:00,2021-06-28,2023-01-06,1.0,330.0,0.1094,-0.0639,0.0276
ARGO,Argo Pantes Tbk,1991-01-07,335557450.0,Pengembangan,Consumer Cyclicals,1275.0,427835748750.0,2021-11-01 09:00:00,2023-01-06 15:59:00,2020-04-16 09:00:00,2023-01-06 15:00:00,2001-04-16,2023-01-06,1.0,1275.0,0.7903,0.4872,0.0655
ARII,Atlas Resources Tbk.,2011-11-08,3131000000.0,Pengembangan,Energy,264.0,826584000000.0,2021-11-01 09:00:00,2023-01-06 15:59:00,2020-04-16 09:00:00,2023-01-06 15:00:00,2011-11-08,2023-01-06,1.0,264.0,0.7317,-0.0981,0.0601
ARKA,Arkha Jayanti Persada Tbk.,2019-07-10,2000000000.0,Pengembangan,Industrials,50.0,100000000000.0,2021-11-01 09:00:00,2023-01-06 15:59:00,2020-04-16 09:00:00,2023-01-06 15:00:00,2019-07-10,2023-01-06,1.0,50.0,0.1544,0.0551,0.0362
ARKO,Arkora Hydro Tbk.,2022-07-08,2928495000.0,Pengembangan,Infrastructures,565.0,1654599675000.0,2022-07-08 09:00:00,2023-01-06 15:59:00,2022-07-08 09:00:00,2023-01-06 15:00:00,2022-07-08,2023-01-06,1.0,565.0,0.3428,0.4187,0.0345
ARMY,Armidian Karyatama Tbk.,2017-06-21,9006250000.0,Pengembangan,Properties & Real Estate,50.0,450312500000.0,,,,,2017-06-21,2023-01-06,1.0,50.0,0.3281,-0.1965,0.0611
ARNA,Arwana Citramulia Tbk.,2001-07-17,7341430976.0,Utama,Industrials,1000.0,7341430976000.0,2021-11-01 09:00:00,2023-01-06 15:59:00,2020-04-16 09:00:00,2023-01-06 15:00:00,2001-07-17,2023-01-06,1.0,1000.0,0.4219,-0.1716,0.0446
ARTA,Arthavest Tbk,2002-11-05,446674175.0,Pengembangan,Consumer Cyclicals,2090.0,933549025750.0,2021-11-01 09:00:00,2023-01-06 15:59:00,2020-04-16 09:00:00,2023-01-06 15:00:00,2002-11-05,2023-01-06,1.0,2090.0,0.5062,-0.1668,0.0248
ARTI,Ratu Prabu Energi Tbk,2003-04-30,7840000000.0,Utama,Energy,50.0,392000000000.0,2021-11-01 09:00:00,2021-12-03 15:59:00,2020-04-16 09:00:00,2022-04-15 16:00:00,2003-04-30,2023-01-06,1.0,50.0,0.5657,0.1567,0.0146
ARTO,Bank Jago Tbk.,2016-01-12,13717687500.0,Pengembangan,Financials,3060.0,41976123750000.0,2021-11-01 09:00:00,2023-01-06 15:59:00,2020-04-16 09:00:00,2023-01-06 15:00:00,2016-01-12,2023-01-06,1.0,3060.0,0.0512,0.1404,0.0559
ASBI,Asuransi Bintang Tbk.,1989-11-29,348386472.0,Pengembangan,Financials,498.0,173496463056.0,2021-11-01 09:00:00,2023-01-06 15:59:00,2020-04-16 09:00:00,2023-01-06 15:00:00,2001-04-16,2023-01-06,1.0,498.0,0.5538,0.0406,0.05
ASDM,Asuransi Dayin Mitra Tbk.,1989-12-15,192000000.0,Utama,Financials,930.0,178560000000.0,2021-11-01 09:00:00,2023-01-06 15:59:00,2020-04-16 09:00:00,2023-01-06 15:00:00,2001-04-16,2023-01-06,1.0,930.0,0.619,-0.0876,0.0537
ASGR,Astra Graphia Tbk.,1989-11-15,1348780500.0,Utama,Industrials,930.0,1254365865000.0,2021-11-01 09:00:00,2023-01-06 15:59:00,2020-04-16 09:00:00,2023-01-06 15:00:00,2001-04-16,2023-01-06,1.0,930.0,0.789,0.408,0.0638
ASHA,Cilacap Samudera Fishing Indus,2022-05-27,5000000000.0,Pengembangan,Consumer Non-Cyclicals,71.0,355000000000.0,2022-06-06 09:00:00,2023-01-06 15:59:00,2022-05-30 09:00:00,2023-01-06 15:00:00,2022-05-27,2023-01-06,1.0,71.0,0.452,0.3797,0.0425
ASII,Astra International Tbk.,1990-04-04,40483553140.0,Utama,Industrials,5450.0,220635364613000.0,2021-11-01 09:00:00,2023-01-06 15:59:00,2020-04-16 09:00:00,2023-01-06 15:00:00,2001-04-16,2023-01-06,1.0,5450.0,0.4917,0.2428,0.0676
ASJT,Asuransi Jasa Tania Tbk.,2003-12-23,1288890696.0,Pengembangan,Financials,125.0,161111337000.0,2021-11-01 09:00:00,2023-01-06 15:59:00,2020-04-16 09:00:00,2023-01-06 15:00:00,2003-12-23,2023-01-06,1.0,125.0,0.5257,0.3516,0.0305
ASLC,Autopedia Sukses Lestari Tbk.,2022-01-25,12746354780.0,Pengembangan,Consumer Cyclicals,111.0,1414845380580.0,2022-01-25 09:00:00,2023-01-06 15:59:00,2022-01-25 09:00:00,2023-01-06 15:00:00,2022-01-25,2023-01-06,1.0,111.0,0.8437,-0.0189,0.0609
ASMI,Asuransi Maximus Graha Persada,2014-01-16,8958380460.0,Utama,Financials,102.0,913754806920.0,2021-11-01 09:00:00,2023-01-06 15:59:00,2020-04-16 09:00:00,2023-01-06 15:00:00,2014-01-16,2023-01-06,1.0,102.0,0.1897,0.1448,0.0797
ASPI,Andalan Sakti Primaindo Tbk.,2020-02-17,681794825.0,Pengembangan,Properties & Real Estate,90.0,61361534250.0,2021-11-01 09:00:00,2023-01-06 15:59:00,2020-04-16 09:00:00,2023-01-06 15:00:00,2020-02-17,2023-01-06,1.0,90.0,0.5538,0.475,0.051
ASRI,Alam Sutera Realty Tbk.,2007-12-18,19649411888.0,Utama,Properties & Real Estate,153.0,3006360018864.0,2021-11-01 09:00:00,2023-01-06 15:59:00,2020-04-16 09:00:00,2023-01-06 15:00:00,2007-12-18,2023-01-06,1.0,153.0,0.1567,0.0028,0.041
ASRM,Asuransi Ramayana Tbk.,1990-03-19,304283840.0,Pengembangan,Financials,1625.0,494461240000.0,2021-11-01 09:00:00,2023-01-06 15:59:00,2020-04-16 09:00:00,2023-01-06 15:00:00,2001-04-16,2023-01-06,1.0,1625.0,0.764,0.0849,0.0785
ASSA,Adi Sarana Armada Tbk.,2012-11-12,3565786162.0,Utama,Transportation & Logistic,730.0,2603023898260.0,2021-11-01 09:00:00,2023-01-06 15:59:00,2020-04-16 09:00:00,2023-01-06 15:00:00,2012-11-12,2023-01-06,1.0,730.0,0.0609,0.146,0.076
ATAP,Trimitra Prawara Goldland Tbk.,2020-12-11,1250000000.0,Pengembangan,Properties & Real Estate,76.0,95000000000.0,2021-11-01 09:00:00,2023-01-06 15:59:00,2020-12-11 09:00:00,2023-01-06 15:00:00,2020-12-11,2023-01-06,1.0,76.0,0.2496,-0.2858,0.0682
ATIC,Anabatic Technologies Tbk.,2015-07-08,2315361355.0,Utama,Technology,386.0,893729483030.0,2021-11-01 09:00:00,2023-01-06 15:59:00,2020-04-16 09:00:00,2023-01-06 15:00:00,2015-07-08,2023-01-06,1.0,386.0,0.6467,-0.1859,0.0429
AUTO,Astra Otoparts Tbk.,1998-06-15,4819733000.0,Utama,Consumer Cyclicals,1400.0,6747626200000.0,2021-11-01 09:00:00,2023-01-06 15:59:00,2020-04-16 09:00:00,2023-01-06 15:00:00,2001-04-16,2023-01-06,1.0,1400.0,0.8152,0.0298,0.0035
AVIA,Avia Avian Tbk.,2021-12-08,61953555600.0,Utama,Basic Materials,625.0,38720972250000.0,2021-12-08 09:00:00,2023-01-06 15:59:00,2021-12-08 09:00:00,2023-01-06 15:00:00,2021-12-08,2023-01-06,1.0,625.0,0.5306,0.1721,0.0365
AXIO,Tera Data Indonusa Tbk.,2022-07-20,5840126500.0,Pengembangan,Technology,236.0,1378269854000.0,2022-07-20 09:00:00,2023-01-06 15:59:00,2022-07-20 09:00:00,2023-01-06 15:00:00,2022-07-20,2023-01-06,1.0,236.0,0.1763,0.2363,0.0631
AYLS,Agro Yasa Lestari Tbk.,2020-02-12,853423236.0,Pengembangan,Basic Materials,86.0,73394398296.0,2021-11-01 09:00:00,2023-01-06 15:59:00,2020-04-16 09:00:00,2023-01-06 15:00:00,2020-02-12,2023-01-06,1.0,86.0,0.2071,0.4295,0.0606
BABP,Bank MNC Internasional Tbk.,2002-07-15,31068563770.0,Pengembangan,Financials,98.0,3044719249460.0,2021-11-01 09:00:00,2023-01-06 15:59:00,2020-04-16 09:00:00,2023-01-06 15:00:00,2002-07-15,2023-01-06,1.0,98.0,0.7557,-0.0868,0.0547
BACA,Bank Capital Indonesia Tbk.,2007-10-04,7007631839.0,Pengembangan,Financials,130.0,910992139070.0,2021-11-01 09:00:00,2023-01-06 15:59:00,2020-04-16 09:00:00,2023-01-06 15:00:00,2007-10-04,2023-01-06,1.0,130.0,0.3962,0.1594,0.0114
BAJA,Saranacentral Bajatama Tbk.,2011-12-21,1800000000.0,Pengembangan,Basic Materials,121.0,217800000000.0,2021-11-01 09:00:00,2023-01-06 15:59:00,2020-04-16 09:00:00,2023-01-06 15:00:00,2011-12-21,2023-01-06,1.0,121.0,0.6204,0.0107,0.0442
BALI,Bali Towerindo Sentra Tbk.,2014-03-13,3934592500.0,Utama,Infrastructures,790.0,3108328075000.0,2021-11-01 09:00:00,2023-01-06 15:59:00,2020-04-16 09:00:00,2023-01-06 15:00:00,2014-03-13,2023-01-06,1.0,790.0,0.3541,-0.2173,0.045
BANK,Bank Aladin Syariah Tbk.,2021-02-01,13134311698.0,Pengembangan,Financials,1325.0,17402962999850.0,2021-11-01 09:00:00,2023-01-06 15:59:00,2021-02-01 09:00:00,2023-01-06 15:00:00,2021-02-01,2023-01-06,1.0,1325.0,0.6754,-0.0797,0.0669
BAPA,Bekasi Asri Pemula Tbk.,2008-01-14,661784520.0,Utama,Properties & Real Estate,86.0,56913468720.0,2021-11-01 09:00:00,2023-01-06 15:59:00,2020-04-16 09:00:00,2023-01-06 15:00:00,2008-01-14,2023-01-06,1.0,86.0,0.8058,0.2784,0.0162
BAPI,Bhakti Agung Propertindo Tbk.,2019-09-16,5591752986.0,Pengembangan,Properties & Real Estate,50.0,279587649300.0,2021-11-01 09:00:00,2023-01-06 15:59:00,2020-04-16 09:00:00,2023-01-06 15:00:00,2019-09-16,2023-01-06,1.0,50.0,0.5118,0.158,0.0191
BATA,Sepatu Bata Tbk.,1982-03-24,1300000000.0,Utama,Consumer Cyclicals,540.0,702000000000.0,2021-11-01 09:00:00,2023-01-06 15:59:00,2020-04-16 09:00:00,2023-01-06 15:00:00,2001-04-16,2023-01-06,1.0,540.0,0.3122,0.114,0.043
BAUT,Mitra Angkasa Sejahtera Tbk.,2022-01-28,4800000000.0,Pengembangan,Consumer Cyclicals,50.0,240000000000.0,2022-01-28 09:00:00,2023-01-06 15:59:00,2022-01-28 09:00:00,2023-01-06 15:00:00,2022-01-28,2023-01-06,1.0,50.0,0.8176,-0.1261,0.0353
BAYU,Bayu Buana Tbk,1989-10-30,353220780.0,Pengembangan,Consumer Cyclicals,990.0,349688572200.0,2021-11-01 09:00:00,2023-01-06 15:59:00,2020-04-16 09:00:00,2023-01-06 15:00:00,2001-04-16,2023-01-06,1.0,990.0,0.2073,-0.252,0.0256
BBCA,Bank Central Asia Tbk.,2000-05-31,122042299500.0,Utama,Financials,8300.0,1012951085850000.0,2021-11-01 09:00:00,2023-01-06 15:59:00,2020-04-16 09:00:00,2023-01-06 15:00:00,2001-04-16,2023-01-06,1.0,8300.0,0.2897,-0.0017,0.0261
BBHI,Allo Bank Indonesia Tbk.,2015-08-12,21512953877.0,Pengembangan,Financials,1695.0,36464456821515.0,2021-11-01 09:00:00,2023-01-06 15:59:00,2020-04-16 09:00:00,2023-01-06 15:00:00,2015-08-12,2023-01-06,1.0,1695.0,0.2774,0.0616,0.0267
BBKP,Bank KB Bukopin Tbk.,2006-07-10,67019885160.0,Utama,Financials,114.0,7640266908240.0,2021-11-01 09:00:00,2023-01-06 15:59:00,2020-04-16 09:00:00,2023-01-06 15:00:00,2006-07-10,2023-01-06,1.0,114.0,0.3351,0.3651,0.041
BBLD,Buana Finance Tbk.,1990-05-07,1645796054.0,Pengembangan,Financials,625.0,1028622533750.0,2021-11-01 09:00:00,2023-01-06 15:59:00,2020-04-16 09:00:00,2023-01-06 15:00:00,2001-04-16,2023-01-06,1.0,625.0,0.3381,0.4036,0.0465
BBMD,Bank Mestika Dharma Tbk.,2013-07-08,4049189100.0,Utama,Financials,2070.0,8381821437000.0,2021-11-01 09:00:00,2023-01-06 15:59:00,2020-04-16 09:00:00,2023-01-06 15:00:00,2013-07-08,2023-01-06,1.0,2070.0,0.1884,0.4211,0.0089
BBNI,Bank Negara Indonesia (Persero,1996-11-25,18462169893.0,Utama,Financials,8900.0,164313312047700.0,2021-11-01 09:00:00,2023-01-06 15:59:00,2020-04-16 09:00:00,2023-01-06 15:00:00,2001-04-16,2023-01-06,1.0,8900.0,0.55,-0.1297,0.0588
BBRI,Bank Rakyat Indonesia (Persero,2003-11-10,150043411587.0,Utama,Financials,4620.0,693200561531940.0,2021-11-01 09:00:00,2023-01-06 15:59:00,2020-04-16 09:00:00,2023-01-06 15:00:00,2003-11-10,2023-01-06,1.0,4620.0,0.09,0.2844,0.059
BBRM,Pelayaran Nasional Bina Buana ,2013-01-09,8479490328.0,Utama,Energy,57.0,483330948696.0,2021-11-01 09:00:00,2023-01-06 15:59:00,2020-04-16 09:00:00,2023-01-06 15:00:00,2013-01-09,2023-01-06,1.0,57.0,0.5815,-0.0164,0.0579
BBSI,Bank Bisnis Internasional Tbk.,2020-09-07,3274178463.0,Pengembangan,Financials,3040.0,9953502527520.0,2021-11-01 09:00:00,2023-01-06 15:59:00,2020-09-07 09:00:00,2023-01-06 15:00:00,2020-09-07,2023-01-06,1.0,3040.0,0.1771,-0.0563,0.0236
BBSS,Bumi Benowo Sukses Sejahtera T,2020-04-15,4800016020.0,Pengembangan,Properties & Real Estate,62.0,297600993240.0,2021-11-01 09:00:00,2023-01-06 15:59:00,2022-04-18 09:00:00,2023-01-06 15:00:00,2020-04-15,2023-01-06,1.0,62.0,0.7934,0.0359,0.0296
BBTN,Bank Tabungan Negara (Persero),2009-12-17,10484100000.0,Utama,Financials,1340.0,14048694000000.0,2021-11-01 09:00:00,2023-01-06 15:59:00,2020-04-16 09:00:00,2023-01-06 15:00:00,2009-12-17,2023-01-06,1.0,1340.0,0.2925,-0.2872,0.027
BBYB,Bank Neo Commerce Tbk.,2015-01-13,9327465018.0,Utama,Financials,615.0,5736390986070.0,2021-11-01 09:00:00,2023-01-06 15:59:00,2020-04-16 09:00:00,2023-01-06 15:00:00,2015-01-13,2023-01-06,1.0,615.0,0.5351,0.4198,0.0481
BCAP,MNC Kapital Indonesia Tbk.,2001-06-08,42618850927.0,Utama,Financials,74.0,3153794968598.0,2021-11-01 09:00:00,2023-01-06 15:59:00,2020-04-16 09:00:00,2023-01-06 15:00:00,2001-06-08,2023-01-06,1.0,74.0,0.4734,0.236,0.065
BCIC,Bank JTrust Indonesia Tbk.,1997-06-25,13996806290.0,Pengembangan,Financials,180.0,2519425132200.0,2021-11-01 09:00:00,2023-01-06 15:59:00,2020-04-16 09:00:00,2023-01-06 15:00:00,2001-04-16,2023-01-06,1.0,180.0,0.5089,0.2289,0.0716
BCIP,Bumi Citra Permai Tbk.,2009-12-11,1429915525.0,Pengembangan,Properties & Real Estate,71.0,101524002275.0,2021-11-01 09:00:00,2023-01-06 15:59:00,2020-04-16 09:00:00,2023-01-06 15:00:00,2009-12-11,2023-01-06,1.0,71.0,0.7257,0.1197,0.0048
BDMN,Bank Danamon Indonesia Tbk.,1989-12-06,9675817341.0,Utama,Financials,2620.0,25350641433420.0,2021-11-01 09:00:00,2023-01-06 15:59:00,2020-04-16 09:00:00,2023-01-06 15:00:00,2001-04-16,2023-01-06,1.0,2620.0,0.2942,0.4023,0.0387
BEBS,Berkah Beton Sadaya Tbk.,2021-03-10,9000000000.0,Pengembangan,Basic Materials,770.0,6930000000000.0,2021-11-01 09:00:00,2023-01-06 15:59:00,2021-03-10 09:00:00,2023-01-06 15:00:00,2021-03-10,2023-01-06,1.0,770.0,0.6779,0.2327,0.0209
BEEF,Estika Tata Tiara Tbk.,2019-01-10,1884312595.0,Pengembangan,Consumer Non-Cyclicals,60.0,113058755700.0,2021-11-01 09:00:00,2023-01-06 15:59:00,2020-04-16 09:00:00,2023-01-06 15:00:00,2019-01-10,2023-01-06,1.0,60.0,0.7227,0.4286,0.0105
BEER,Jobubu Jarum Minahasa Tbk.,2023-01-06 00:00:00,4000000000.0,Pengembangan,Consumer Non-Cyclicals,258.0,1032000000000.0,2023-01-06 09:00:00,2023-01-06 15:59:00,2023-01-06 09:00:00,2023-01-06 15:00:00,2023-01-06,2023-01-06,1.0,258.0,0.7596,0.3655,0.0695
BEKS,Bank Pembangunan Daerah Banten,2001-07-13,51351733883.0,Pengembangan,Financials,50.0,2567586694150.0,2021-11-01 09:00:00,2023-01-06 15:59:00,2020-04-16 09:00:00,2023-01-06 15:00:00,2001-07-13,2023-01-06,1.0,50.0,0.7019,0.2513,0.0403
BELI,Global Digital Niaga Tbk.,2022-11-08 00:00:00,118474705740.0,Utama,Technology,460.0,54498364640400.0,2022-11-08 09:00:00,2023-01-06 15:59:00,2022-11-08 09:00:00,2023-01-06 15:00:00,2022-11-09,2023-01-06,1.0,460.0,0.6858,-0.0305,0.0279
BELL,Trisula Textile Industries Tbk,2017-10-03,7250000000.0,Pengembangan,Consumer Cyclicals,137.0,993250000000.0,2021-11-01 09:00:00,2023-01-06 15:59:00,2020-04-16 09:00:00,2023-01-06 15:00:00,2017-10-03,2023-01-06,1.0,137.0,0.4668,0.1903,0.0661
BESS,Batulicin Nusantara Maritim Tb,2020-03-09,3412610636.0,Pengembangan,Energy,168.0,573318586848.0,2021-11-01 09:00:00,2023-01-06 15:59:00,2020-04-16 09:00:00,2023-01-06 15:00:00,2020-03-09,2023-01-06,1.0,168.0,0.093,0.1274,0.07
BEST,Bekasi Fajar Industrial Estate,2012-04-10,9647311150.0,Utama,Properties & Real Estate,128.0,1234855827200.0,2021-11-01 09:00:00,2023-01-06 15:59:00,2020-04-16 09:00:00,2023-01-06 15:00:00,2012-04-10,2023-01-06,1.0,128.0,0.071,0.2686,0.0791
BFIN,BFI Finance  Indonesia Tbk.,1990-05-16,15967115620.0,Utama,Financials,1070.0,17084813713400.0,2021-11-01 09:00:00,2023-01-06 15:59:00,2020-04-16 09:00:00,2023-01-06 15:00:00,2001-04-16,2023-01-06,1.0,1070.0,0.0937,0.1744,0.045
BGTG,Bank Ganesha Tbk.,2016-05-12,16303371203.0,Pengembangan,Financials,87.0,1418393294661.0,2021-11-01 09:00:00,2023-01-06 15:59:00,2020-04-16 09:00:00,2023-01-06 15:00:00,2016-05-12,2023-01-06,1.0,87.0,0.7129,0.0142,0.0769
BHAT,Bhakti Multi Artha Tbk.,2020-04-15,5000000000.0,Pengembangan,Financials,820.0,4100000000000.0,2021-11-01 09:00:00,2023-01-06 15:59:00,2022-04-18 09:00:00,2023-01-06 15:00:00,2020-04-15,2023-01-06,1.0,820.0,0.5394,-0.2804,0.0296
BHIT,MNC Investama Tbk.,1997-11-24,86068156705.0,Utama,Industrials,57.0,4905884932185.0,2021-11-01 09:00:00,2023-01-06 15:59:00,2020-04-16 09:00:00,2023-01-06 15:00:00,2001-04-16,2023-01-06,1.0,57.0,0.6407,-0.0214,0.0399
BIKA,Binakarya Jaya Abadi Tbk.,2015-07-14,592280000.0,Pengembangan,Properties & Real Estate,95.0,56266600000.0,2021-11-01 09:00:00,2023-01-06 15:59:00,2020-04-16 09:00:00,2023-01-06 15:00:00,2015-07-14,2023-01-06,1.0,95.0,0.5275,-0.2998,0.0218
BIKE,Sepeda Bersama Indonesia Tbk.,2022-03-21,1293334000.0,Pengembangan,Consumer Cyclicals,193.0,249613462000.0,2022-03-21 09:00:00,2023-01-06 15:59:00,2022-03-21 09:00:00,2023-01-06 15:00:00,2022-03-21,2023-01-06,1.0,193.0,0.273,-0.0609,0.0368
BIMA,Primarindo Asia Infrastructure,1994-08-30,608175716.0,Pengembangan,Consumer Cyclicals,113.0,68723855908.0,2021-11-01 09:00:00,2023-01-06 15:59:00,2020-04-16 09:00:00,2023-01-06 15:00:00,2001-04-16,2023-01-06,1.0,113.0,0.5331,0.3152,0.0698
BINA,Bank Ina Perdana Tbk.,2014-01-16,5877722813.0,Utama,Financials,3930.0,23099450655090.0,2021-11-01 09:00:00,2023-01-06 15:59:00,2020-04-16 09:00:00,2023-01-06 15:00:00,2014-01-16,2023-01-06,1.0,3930.0,0.7933,0.011,0.0213
BINO,Perma Plasindo Tbk.,2021-11-25,2175000000.0,Pengembangan,Industrials,130.0,282750000000.0,2021-11-25 09:00:00,2023-01-06 15:59:00,2021-11-25 09:00:00,2023-01-06 15:00:00,2021-11-25,2023-01-06,1.0,130.0,0.7316,-0.2783,0.012
BIPI,Astrindo Nusantara Infrastrukt,2010-02-11,44693066193.0,Pengembangan,Energy,153.0,6838039127529.0,2021-11-01 09:00:00,2023-01-06 15:59:00,2020-04-16 09:00:00,2023-01-06 15:00:00,2010-02-11,2023-01-06,1.0,153.0,0.4857,-0.1347,0.0721
BIPP,Bhuwanatala Indah Permai Tbk.,1995-10-23,5028669366.0,Pengembangan,Properties & Real Estate,50.0,251433468300.0,2021-11-01 09:00:00,2023-01-06 15:59:00,2020-04-16 09:00:00,2023-01-06 15:00:00,2001-04-16,2023-01-06,1.0,50.0,0.4906,-0.1773,0.0244
BIRD,Blue Bird Tbk.,2014-11-05,2502100000.0,Utama,Transportation & Logistic,1385.0,3465408500000.0,2021-11-01 09:00:00,2023-01-06 15:59:00,2020-04-16 09:00:00,2023-01-06 15:00:00,2014-11-05,2023-01-06,1.0,1385.0,0.3289,0.045,0.0585
BISI,BISI International Tbk.,2007-05-28,3000000000.0,Utama,Consumer Non-Cyclicals,1550.0,4650000000000.0,2021-11-01 09:00:00,2023-01-06 15:59:00,2020-04-16 09:00:00,2023-01-06 15:00:00,2007-05-28,2023-01-06,1.0,1550.0,0.2285,-0.241,0.0775
BJBR,Bank Pembangunan Daerah Jawa B,2010-07-08,10416229249.0,Utama,Financials,1345.0,14009828339905.0,2021-11-01 09:00:00,2023-01-06 15:59:00,2020-04-16 09:00:00,2023-01-06 15:00:00,2010-07-08,2023-01-06,1.0,1345.0,0.1893,0.3417,0.0206
BJTM,Bank Pembangunan Daerah Jawa T,2012-07-12,14865343101.0,Utama,Financials,705.0,10480066886205.0,2021-11-01 09:00:00,2023-01-06 15:59:00,2020-04-16 09:00:00,2023-01-06 15:00:00,2012-07-12,2023-01-06,1.0,705.0,0.0723,0.3656,0.0453
BKDP,Bukit Darmo Property Tbk,2007-06-15,7513992252.0,Pengembangan,Properties & Real Estate,80.0,601119380160.0,2021-11-01 09:00:00,2023-01-06 15:59:00,2020-04-16 09:00:00,2023-01-06 15:00:00,2007-06-15,2023-01-06,1.0,80.0,0.5079,0.3999,0.0471
BKSL,Sentul City Tbk.,1997-07-28,67083561082.0,Utama,Properties & Real Estate,50.0,3354178054100.0,2021-11-01 09:00:00,2023-01-06 15:59:00,2020-04-16 09:00:00,2023-01-06 15:00:00,2001-04-16,2023-01-06,1.0,50.0,0.3306,0.0433,0.0582
BKSW,Bank QNB Indonesia Tbk.,2002-11-21,20232319124.0,Pengembangan,Financials,100.0,2023231912400.0,2021-11-01 09:00:00,2023-01-06 15:59:00,2020-04-16 09:00:00,2023-01-06 15:00:00,2002-11-21,2023-01-06,1.0,100.0,0.3839,0.1164,0.0407
BLTA,Berlian Laju Tanker Tbk,1990-03-26,25940187103.0,Utama,Transportation & Logistic,50.0,1297009355150.0,2021-11-01 09:00:00,2023-01-06 15:59:00,2020-04-16 09:00:00,2023-01-06 15:00:00,2001-04-16,2023-01-06,1.0,50.0,0.6501,0.0872,0.0799
BLTZ,Graha Layar Prima Tbk.,2014-04-10,873937142.0,Pengembangan,Consumer Cyclicals,2820.0,2464502740440.0,2021-11-01 09:00:00,2023-01-06 15:59:00,2020-04-16 09:00:00,2023-01-06 15:00:00,2014-04-10,2023-01-06,1.0,2820.0,0.6681,-0.1562,0.0116
BLUE,Berkah Prima Perkasa Tbk.,2019-07-08,418000000.0,Pengembangan,Industrials,280.0,117040000000.0,2021-11-01 09:00:00,2023-01-06 15:59:00,2020-04-16 09:00:00,2023-01-06 15:00:00,2019-07-08,2023-01-06,1.0,280.0,0.6805,0.1926,0.0035
BMAS,Bank Maspion Indonesia Tbk.,2013-07-11,4399026922.0,Pengembangan,Financials,1090.0,4794939344980.0,2021-11-01 09:00:00,2023-01-06 15:59:00,2020-04-16 09:00:00,2023-01-06 15:00:00,2013-07-11,2023-01-06,1.0,1090.0,0.8168,0.1888,0.0784
BMHS,Bundamedik Tbk.,2021-07-06,8603416176.0,Utama,Healthcare,420.0,3613434793920.0,2021-11-01 09:00:00,2023-01-06 15:59:00,2021-07-06 09:00:00,2023-01-06 15:00:00,2021-07-06,2023-01-06,1.0,420.0,0.5518,0.3349,0.0321
BMRI,Bank Mandiri (Persero) Tbk.,2003-07-14,46199999998.0,Utama,Financials,9800.0,452759999980400.0,2021-11-01 09:00:00,2023-01-06 15:59:00,2020-04-16 09:00:00,2023-01-06 15:00:00,2003-07-14,2023-01-06,1.0,9800.0,0.6497,0.0926,0.02
BMSR,Bintang Mitra Semestaraya Tbk,1999-12-29,1159200024.0,Utama,Basic Materials,725.0,840420017400.0,2021-11-01 09:00:00,2023-01-06 15:59:00,2020-04-16 09:00:00,2023-01-06 15:00:00,2001-04-16,2023-01-06,1.0,725.0,0.8274,-0.0246,0.0114
BMTR,Global Mediacom Tbk.,1995-07-17,16583997586.0,Utama,Industrials,268.0,4444511353048.0,2021-11-01 09:00:00,2023-01-06 15:59:00,2020-04-16 09:00:00,2023-01-06 15:00:00,2001-04-16,2023-01-06,1.0,268.0,0.2222,0.2233,0.041
BNBA,Bank Bumi Arta Tbk.,2006-06-01,2744280000.0,Utama,Financials,920.0,2524737600000.0,2021-11-01 09:00:00,2023-01-06 15:59:00,2020-04-16 09:00:00,2023-01-06 15:00:00,2006-06-01,2023-01-06,1.0,920.0,0.8245,0.2151,0.033
BNBR,Bakrie & Brothers Tbk,1989-08-28,21160865261.0,Pengembangan,Industrials,70.0,1481260568270.0,2021-11-01 09:00:00,2023-01-06 15:59:00,2020-04-16 09:00:00,2023-01-06 15:00:00,2001-04-16,2023-01-06,1.0,70.0,0.2393,0.0098,0.0057
BNGA,Bank CIMB Niaga Tbk.,1989-11-29,24880290775.0,Utama,Financials,1145.0,28487932937375.0,2021-11-01 09:00:00,2023-01-06 15:59:00,2020-04-16 09:00:00,2023-01-06 15:00:00,2001-04-16,2023-01-06,1.0,1145.0,0.3635,0.4295,0.0592
BNII,Bank Maybank Indonesia Tbk.,1989-11-21,75357433911.0,Utama,Financials,222.0,16729350328242.0,2021-11-01 09:00:00,2023-01-06 15:59:00,2020-04-16 09:00:00,2023-01-06 15:00:00,2001-04-16,2023-01-06,1.0,222.0,0.0721,0.3706,0.0412
BNLI,Bank Permata Tbk.,1990-01-15,35819545925.0,Utama,Financials,1010.0,36177741384250.0,2021-11-01 09:00:00,2023-01-06 15:59:00,2020-04-16 09:00:00,2023-01-06 15:00:00,2001-04-16,2023-01-06,1.0,1010.0,0.4153,0.1583,0.0553
BOBA,Formosa Ingredient Factory Tbk,2021-11-01,1155750000.0,Pengembangan,Consumer Non-Cyclicals,185.0,213813750000.0,2021-11-01 09:00:00,2023-01-06 15:59:00,2021-11-01 09:00:00,2023-01-06 15:00:00,2021-11-01,2023-01-06,1.0,185.0,0.7697,0.4285,0.059
BOGA,Bintang Oto Global Tbk.,2016-12-19,3803526210.0,Pengembangan,Consumer Cyclicals,1260.0,4792443024600.0,2021-11-01 09:00:00,2023-01-06 15:59:00,2020-04-16 09:00:00,2023-01-06 15:00:00,2016-12-19,2023-01-06,1.0,1260.0,0.5894,-0.2902,0.0318
BOLA,Bali Bintang Sejahtera Tbk.,2019-06-17,6000000000.0,Pengembangan,Consumer Cyclicals,214.0,1284000000000.0,2021-11-01 09:00:00,2023-01-06 15:59:00,2020-04-16 09:00:00,2023-01-06 15:00:00,2019-06-17,2023-01-06,1.0,214.0,0.6101,0.3137,0.0401
BOLT,Garuda Metalindo Tbk.,2015-07-07,2343750000.0,Pengembangan,Consumer Cyclicals,715.0,1675781250000.0,2021-11-01 09:00:00,2023-01-06 15:59:00,2020-04-16 09:00:00,2023-01-06 15:00:00,2015-07-07,2023-01-06,1.0,715.0,0.6101,-0.2946,0.0118
BOSS,Borneo Olah Sarana Sukses Tbk.,2018-02-15,1400000000.0,Pengembangan,Energy,88.0,123200000000.0,2021-11-01 09:00:00,2023-01-06 15:59:00,2020-04-16 09:00:00,2023-01-06 15:00:00,2018-02-15,2023-01-06,1.0,88.0,0.1797,-0.0758,0.0547
BPFI,Batavia Prosperindo Finance Tb,2009-06-01,2673995362.0,Pengembangan,Financials,655.0,1751466962110.0,2021-11-01 09:00:00,2023-01-06 15:59:00,2020-04-16 09:00:00,2023-01-06 15:00:00,2009-06-01,2023-01-06,1.0,655.0,0.7151,-0.2456,0.0665
BPII,Batavia Prosperindo Internasio,2014-07-08,562224662.0,Pengembangan,Financials,10700.0,6015803883400.0,2021-11-01 09:00:00,2023-01-06 15:59:00,2020-04-16 09:00:00,2023-01-06 15:00:00,2014-07-08,2023-01-06,1.0,10700.0,0.4702,0.1412,0.0107
BPTR,Batavia Prosperindo Trans Tbk.,2018-07-09,1550000000.0,Utama,Transportation & Logistic,193.0,299150000000.0,2021-11-01 09:00:00,2023-01-06 15:59:00,2020-04-16 09:00:00,2023-01-06 15:00:00,2018-07-09,2022-12-30,1.0,193.0,0.0838,0.0142,0.0023
BRAM,Indo Kordsa Tbk.,1990-09-05,450000000.0,Utama,Consumer Cyclicals,8175.0,3678750000000.0,2021-11-01 09:00:00,2023-01-06 15:59:00,2020-04-16 09:00:00,2023-01-06 15:00:00,2001-04-16,2023-01-06,1.0,8175.0,0.749,0.0859,0.0153
BRIS,Bank Syariah Indonesia Tbk.,2018-05-09,40717924372.0,Utama,Financials,1390.0,56597914877080.0,2021-11-01 09:00:00,2023-01-06 15:59:00,2020-04-16 09:00:00,2023-01-06 15:00:00,2018-05-09,2023-01-06,1.0,1390.0,0.4539,0.235,0.0699
BRMS,Bumi Resources Minerals Tbk.,2010-12-09,141784040338.0,Pengembangan,Basic Materials,152.0,21551174131376.0,2021-11-01 09:00:00,2023-01-06 15:59:00,2020-04-16 09:00:00,2023-01-06 15:00:00,2010-12-09,2023-01-06,1.0,152.0,0.1726,0.0564,0.0184
BRNA,Berlina Tbk.,1989-11-06,979110000.0,Pengembangan,Basic Materials,970.0,949736700000.0,2021-11-01 09:00:00,2023-01-06 15:59:00,2020-04-16 09:00:00,2023-01-06 15:00:00,2001-04-16,2023-01-06,1.0,970.0,0.0563,0.407,0.0586
BRPT,Barito Pacific Tbk.,1993-10-01,93747218044.0,Utama,Basic Materials,820.0,76872718796080.0,2021-11-01 09:00:00,2023-01-06 15:59:00,2020-04-16 09:00:00,2023-01-06 15:00:00,2001-04-16,2023-01-06,1.0,820.0,0.6416,0.4516,0.0755
BSBK,Wulandari Bangun Laksana Tbk.,2022-11-08 00:00:00,25091713397.0,Utama,Properties & Real Estate,138.0,3462656448786.0,2022-11-08 09:00:00,2023-01-06 15:59:00,2022-11-08 09:00:00,2023-01-06 15:00:00,2022-11-09,2023-01-06,1.0,138.0,0.265,0.3696,0.0429
BSDE,Bumi Serpong Damai Tbk.,2008-06-06,21171365812.0,Utama,Properties & Real Estate,905.0,19160086059860.0,2021-11-01 09:00:00,2023-01-06 15:59:00,2020-04-16 09:00:00,2023-01-06 15:00:00,2008-06-06,2023-01-06,1.0,905.0,0.5738,0.4274,0.0638
BSIM,Bank Sinarmas Tbk.,2010-12-13,19517921842.0,Utama,Financials,865.0,16883002393330.0,2021-11-01 09:00:00,2023-01-06 15:59:00,2020-04-16 09:00:00,2023-01-06 15:00:00,2010-12-13,2023-01-06,1.0,865.0,0.27,-0.1229,0.04
BSML,Bintang Samudera Mandiri Lines,2021-12-16,1850225000.0,Pengembangan,Energy,322.0,595772450000.0,2021-12-16 09:00:00,2023-01-06 15:59:00,2021-12-16 09:00:00,2023-01-06 15:00:00,2021-12-16,2023-01-06,1.0,322.0,0.7779,-0.2249,0.0014
BSSR,Baramulti Suksessarana Tbk.,2012-11-08,2616500000.0,Pengembangan,Energy,4110.0,10753815000000.0,2021-11-01 09:00:00,2023-01-06 15:59:00,2020-04-16 09:00:00,2023-01-06 15:00:00,2012-11-08,2023-01-06,1.0,4110.0,0.2865,-0.0106,0.0112
BSWD,Bank Of India Indonesia Tbk.,2002-05-01,1374912000.0,Pengembangan,Financials,1375.0,1890504000000.0,,,,,2002-05-01,2023-01-06,1.0,1375.0,0.6639,-0.1191,0.0326
BTEK,Bumi Teknokultura Unggul Tbk,2004-05-14,46277496376.0,Pengembangan,Consumer Non-Cyclicals,50.0,2313874818800.0,2021-11-01 09:00:00,2023-01-06 15:59:00,2020-04-16 09:00:00,2023-01-06 15:00:00,2004-05-14,2023-01-06,1.0,50.0,0.2617,0.016,0.0309
BTEL,Bakrie Telecom Tbk.,2006-02-03,36822665755.0,Utama,Infrastructures,50.0,1841133287750.0,,,,,2006-02-03,2023-01-06,1.0,50.0,0.4538,0.4562,0.0242
BTON,Betonjaya Manunggal Tbk.,2001-07-18,720000000.0,Pengembangan,Basic Materials,432.0,311040000000.0,2021-11-01 09:00:00,2023-01-06 15:59:00,2020-04-16 09:00:00,2023-01-06 15:00:00,2001-07-18,2023-01-06,1.0,432.0,0.5487,-0.2416,0.0048
BTPN,Bank BTPN Tbk.,2008-03-12,8066054461.0,Utama,Financials,2530.0,20407117786330.0,2021-11-01 09:00:00,2023-01-06 15:59:00,2020-04-16 09:00:00,2023-01-06 15:00:00,2008-03-12,2023-01-06,1.0,2530.0,0.2999,0.3106,0.0435
BTPS,Bank BTPN Syariah Tbk.,2018-05-08,7626663000.0,Utama,Financials,2620.0,19981857060000.0,2021-11-01 09:00:00,2023-01-06 15:59:00,2020-04-16 09:00:00,2023-01-06 15:00:00,2018-05-08,2023-01-06,1.0,2620.0,0.2139,-0.1905,0.0061
BUAH,Segar Kumala Indonesia Tbk.,2022-08-09,1000000000.0,Pengembangan,Consumer Non-Cyclicals,975.0,975000000000.0,2022-08-09 09:00:00,2023-01-06 15:59:00,2022-08-09 09:00:00,2023-01-06 15:00:00,2022-08-09,2023-01-06,1.0,975.0,0.6213,-0.1143,0.0789
BUDI,Budi Starch & Sweetener Tbk.,1995-05-08,4498997362.0,Utama,Consumer Non-Cyclicals,222.0,998777414364.0,2021-11-01 09:00:00,2023-01-06 15:59:00,2020-04-16 09:00:00,2023-01-06 15:00:00,2001-04-16,2023-01-06,1.0,222.0,0.7903,-0.1348,0.0595
BUKA,Bukalapak.com Tbk.,2021-08-06,103062019354.0,Pengembangan,Technology,254.0,26177752915916.0,2021-11-01 09:00:00,2023-01-06 15:59:00,2021-08-06 09:00:00,2023-01-06 15:00:00,2021-08-06,2023-01-06,1.0,254.0,0.7579,-0.1135,0.0072
BUKK,Bukaka Teknik Utama Tbk.,2015-06-29,2640452000.0,Pengembangan,Infrastructures,1085.0,2864890420000.0,2021-11-01 09:00:00,2023-01-06 15:59:00,2020-04-16 09:00:00,2023-01-06 15:00:00,2015-06-29,2023-01-06,1.0,1085.0,0.1068,-0.1141,0.0008
BULL,Buana Lintas Lautan Tbk.,2011-05-23,14117599210.0,Utama,Energy,161.0,2272933472810.0,2021-11-01 09:00:00,2023-01-06 15:59:00,2020-04-16 09:00:00,2023-01-06 15:00:00,2011-05-23,2023-01-06,1.0,161.0,0.5563,0.4679,0.0365
BUMI,Bumi Resources Tbk.,1990-07-30,115634113853.0,Pengembangan,Energy,148.0,17113848850244.0,2021-11-01 09:00:00,2023-01-06 15:59:00,2020-04-16 09:00:00,2023-01-06 15:00:00,2001-04-16,2023-01-06,1.0,148.0,0.7676,0.0401,0.0198
BUVA,Bukit Uluwatu Villa Tbk.,2010-07-12,6811269200.0,Pengembangan,Consumer Cyclicals,60.0,408676152000.0,,,2020-04-16 09:00:00,2022-04-15 16:00:00,2010-07-12,2023-01-06,1.0,60.0,0.7138,0.0492,0.0408
BVIC,Bank Victoria International Tb,1999-06-30,10382261242.0,Utama,Financials,108.0,1121284214136.0,2021-11-01 09:00:00,2023-01-06 15:59:00,2020-04-16 09:00:00,2023-01-06 15:00:00,2001-04-16,2023-01-06,1.0,108.0,0.1524,0.2028,0.029
BWPT,Eagle High Plantations Tbk.,2009-10-27,31525291000.0,Utama,Consumer Non-Cyclicals,65.0,2049143915000.0,2021-11-01 09:00:00,2023-01-06 15:59:00,2020-04-16 09:00:00,2023-01-06 15:00:00,2009-10-27,2023-01-06,1.0,65.0,0.5939,-0.1296,0.0027
BYAN,Bayan Resources Tbk.,2008-08-12,3333333500.0,Utama,Energy,20575.0,68583336762500.0,2021-11-01 09:00:00,2023-01-06 15:59:00,2020-04-16 09:00:00,2023-01-06 15:00:00,2008-08-12,2023-01-06,1.0,20575.0,0.7849,0.2146,0.0682
CAKK,Cahayaputra Asa Keramik Tbk.,2018-10-31,1203300219.0,Pengembangan,Industrials,175.0,210577538325.0,2021-11-01 09:00:00,2023-01-06 15:59:00,2020-04-16 09:00:00,2023-01-06 15:00:00,2018-10-31,2023-01-06,1.0,175.0,0.7779,0.1267,0.0311
CAMP,Campina Ice Cream Industry Tbk,2017-12-19,5885000000.0,Utama,Consumer Non-Cyclicals,312.0,1836120000000.0,2021-11-01 09:00:00,2023-01-06 15:59:00,2020-04-16 09:00:00,2023-01-06 15:00:00,2017-12-19,2023-01-06,1.0,312.0,0.6075,0.3619,0.0591
CANI,Capitol Nusantara Indonesia Tb,2014-01-16,833440000.0,Pengembangan,Energy,78.0,65008320000.0,2021-11-01 09:00:00,2023-01-06 15:59:00,2020-04-16 09:00:00,2023-01-06 15:00:00,2014-01-16,2023-01-06,1.0,78.0,0.0925,0.0295,0.0331
CARE,Metro Healthcare Indonesia Tbk,2020-03-13,33250000000.0,Pengembangan,Healthcare,474.0,15760500000000.0,2021-11-01 09:00:00,2023-01-06 15:59:00,2020-04-16 09:00:00,2023-01-06 15:00:00,2020-03-13,2023-01-06,1.0,474.0,0.3802,-0.0076,0.0503
CARS,Industri dan Perdagangan Bintr,2017-04-10,15000000000.0,Utama,Consumer Cyclicals,76.0,1140000000000.0,2021-11-01 09:00:00,2023-01-06 15:59:00,2020-04-16 09:00:00,2023-01-06 15:00:00,2017-04-10,2023-01-06,1.0,76.0,0.3184,-0.0091,0.0126
CASA,Capital Financial Indonesia Tb,2016-07-19,54476269803.0,Pengembangan,Financials,710.0,38678151560130.0,2021-11-01 09:00:00,2023-01-06 15:59:00,2020-04-16 09:00:00,2023-01-06 15:00:00,2016-07-19,2023-01-06,1.0,710.0,0.8433,-0.2078,0.0148
CASH,Cashlez Worldwide Indonesia Tb,2020-05-04,1431125517.0,Akselerasi,Technology,123.0,176028438591.0,2021-11-01 09:00:00,2023-01-06 15:59:00,2020-05-04 09:00:00,2023-01-06 15:00:00,2020-05-04,2023-01-06,1.0,123.0,0.312,0.1477,0.0396
CASS,Cardig Aero Services Tbk.,2011-12-05,2086950000.0,Pengembangan,Infrastructures,412.0,859823400000.0,2021-11-01 09:00:00,2023-01-06 15:59:00,2020-04-16 09:00:00,2023-01-06 15:00:00,2011-12-05,2023-01-06,1.0,412.0,0.6453,0.1895,0.0372
CBMF,Cahaya Bintang Medan Tbk.,2020-04-09,1875000000.0,Pengembangan,Consumer Cyclicals,50.0,93750000000.0,2021-11-01 09:00:00,2023-01-06 15:59:00,2020-04-16 09:00:00,2023-01-06 15:00:00,2020-04-09,2023-01-06,1.0,50.0,0.3126,0.2556,0.0118
CBPE,Citra Buana Prasida Tbk.,2023-01-06 00:00:00,1356250000.0,Pengembangan,Properties & Real Estate,149.0,202081250000.0,2023-01-06 09:00:00,2023-01-06 15:59:00,2023-01-06 09:00:00,2023-01-06 15:00:00,2023-01-06,2023-01-06,1.0,149.0,0.5606,0.4587,0.0524
CBUT,Citra Borneo Utama Tbk.,2022-11-08 00:00:00,3125000000.0,Utama,Consumer Non-Cyclicals,1935.0,6046875000000.0,2022-11-08 09:00:00,2023-01-06 15:59:00,2022-11-08 09:00:00,2023-01-06 15:00:00,2022-11-09,2023-01-06,1.0,1935.0,0.1632,0.0242,0.0097
CCSI,Communication Cable Systems In,2019-06-18,1199999998.0,Pengembangan,Industrials,670.0,803999998660.0,2021-11-01 09:00:00,2023-01-06 15:59:00,2020-04-16 09:00:00,2023-01-06 15:00:00,2019-06-18,2023-01-06,1.0,670.0,0.8498,0.1576,0.0278
CEKA,Wilmar Cahaya Indonesia Tbk.,1996-07-09,595000000.0,Utama,Consumer Non-Cyclicals,1975.0,1175125000000.0,2021-11-01 09:00:00,2023-01-06 15:59:00,2020-04-16 09:00:00,2023-01-06 15:00:00,2001-04-16,2023-01-06,1.0,1975.0,0.601,0.2083,0.0226
CENT,Centratama Telekomunikasi Indo,2001-11-01,31183464900.0,Pengembangan,Infrastructures,107.0,3336630744300.0,2021-11-01 09:00:00,2023-01-06 15:59:00,2020-04-16 09:00:00,2023-01-06 15:00:00,2001-11-01,2023-01-06,1.0,107.0,0.6624,0.205,0.0495
CFIN,Clipan Finance Indonesia Tbk.,1990-08-27,3984520457.0,Utama,Financials,294.0,1171449014358.0,2021-11-01 09:00:00,2023-01-06 15:59:00,2020-04-16 09:00:00,2023-01-06 15:00:00,2001-04-16,2023-01-06,1.0,294.0,0.2724,-0.2503,0.0368
CHEM,Chemstar Indonesia Tbk.,2022-07-08,1700000000.0,Pengembangan,Basic Materials,141.0,239700000000.0,2022-07-08 09:00:00,2023-01-06 15:59:00,2022-07-08 09:00:00,2023-01-06 15:00:00,2022-07-08,2023-01-06,1.0,141.0,0.7094,-0.1437,0.0305
CINT,Chitose Internasional Tbk.,2014-06-27,1000000000.0,Pengembangan,Consumer Cyclicals,224.0,224000000000.0,2021-11-01 09:00:00,2023-01-06 15:59:00,2020-04-16 09:00:00,2023-01-06 15:00:00,2014-06-27,2023-01-06,1.0,224.0,0.2615,-0.0749,0.0316
CITA,Cita Mineral Investindo Tbk.,2002-03-20,3960361250.0,Pengembangan,Basic Materials,3460.0,13702849925000.0,2021-11-01 09:00:00,2023-01-06 15:59:00,2020-04-16 09:00:00,2023-01-06 15:00:00,2002-03-20,2023-01-06,1.0,3460.0,0.4334,-0.088,0.0509
CITY,Natura City Developments Tbk.,2018-09-28,5405188966.0,Utama,Properties & Real Estate,141.0,762131644206.0,2021-11-01 09:00:00,2023-01-06 15:59:00,2020-04-16 09:00:00,2023-01-06 15:00:00,2018-09-28,2023-01-06,1.0,141.0,0.2446,0.2763,0.0338
CLAY,Citra Putra Realty Tbk.,2019-01-18,2570000000.0,Pengembangan,Consumer Cyclicals,580.0,1490600000000.0,2021-11-01 09:00:00,2023-01-06 15:59:00,2020-04-16 09:00:00,2023-01-06 15:00:00,2019-01-18,2023-01-06,1.0,580.0,0.4908,0.2088,0.0771
CLEO,Sariguna Primatirta Tbk.,2017-05-05,12000000000.0,Utama,Consumer Non-Cyclicals,484.0,5808000000000.0,2021-11-01 09:00:00,2023-01-06 15:59:00,2020-04-16 09:00:00,2023-01-06 15:00:00,2017-05-05,2023-01-06,1.0,484.0,0.2911,-0.2885,0.0125
CLPI,Colorpak Indonesia Tbk.,2001-11-30,306338500.0,Pengembangan,Basic Materials,925.0,283363112500.0,2021-11-01 09:00:00,2023-01-06 15:59:00,2020-04-16 09:00:00,2023-01-06 15:00:00,2001-11-30,2023-01-06,1.0,925.0,0.0829,0.3306,0.0618
CMNP,Citra Marga Nusaphala Persada ,1995-01-10,5434338797.0,Utama,Infrastructures,1920.0,10433930490240.0,2021-11-01 09:00:00,2023-01-06 15:59:00,2020-04-16 09:00:00,2023-01-06 15:00:00,2001-04-16,2023-01-06,1.0,1920.0,0.0581,-0.2088,0.011
CMNT,Cemindo Gemilang Tbk.,2021-09-08,17125504000.0,Utama,Basic Materials,900.0,15412953600000.0,2021-11-01 09:00:00,2023-01-06 15:59:00,2021-09-08 09:00:00,2023-01-06 15:00:00,2021-09-08,2023-01-06,1.0,900.0,0.8253,0.4695,0.0657
CMPP,AirAsia Indonesia Tbk.,1994-12-08,10685124441.0,Pengembangan,Transportation & Logistic,180.0,1923322399380.0,2021-12-27 09:00:00,2023-01-06 15:59:00,2020-04-16 09:00:00,2023-01-06 15:00:00,2001-04-16,2023-01-06,1.0,180.0,0.6106,0.2375,0.0148
CMRY,Cisarua Mountain Dairy Tbk.,2021-12-06,7934683000.0,Utama,Consumer Non-Cyclicals,4270.0,33881096410000.0,2021-12-06 09:00:00,2023-01-06 15:59:00,2021-12-06 09:00:00,2023-01-06 15:00:00,2021-12-06,2023-01-06,1.0,4270.0,0.5605,0.1218,0.0364
CNKO,Exploitasi Energi Indonesia Tb,2001-11-20,8956361206.0,Utama,Energy,50.0,447818060300.0,2021-11-01 09:00:00,2023-01-06 15:59:00,2020-04-16 09:00:00,2023-01-06 15:00:00,2001-11-20,2023-01-06,1.0,50.0,0.3586,0.2409,0.043
CNTX,Century Textile Industry Tbk.,1979-05-22,70000000.0,Pengembangan,Consumer Cyclicals,212.0,14840000000.0,2021-11-01 09:00:00,2023-01-06 15:59:00,2020-04-16 09:00:00,2023-01-06 15:00:00,2001-04-16,2023-01-06,1.0,212.0,0.4474,0.2203,0.0624
COAL,Black Diamond Resources Tbk.,2022-09-07,6250000000.0,Pengembangan,Energy,120.0,750000000000.0,2022-09-07 09:00:00,2023-01-06 15:59:00,2022-09-07 09:00:00,2023-01-06 15:00:00,2022-09-07,2023-01-06,1.0,120.0,0.4343,-0.2809,0.0614
COCO,Wahana Interfood Nusantara Tbk,2019-03-20,889863981.0,Pengembangan,Consumer Non-Cyclicals,262.0,233144363022.0,2021-11-01 09:00:00,2023-01-06 15:59:00,2020-04-16 09:00:00,2023-01-06 15:00:00,2019-03-20,2023-01-06,1.0,262.0,0.8123,-0.1241,0.0463
COWL,Cowell Development Tbk.,2007-12-19,4871214021.0,Pengembangan,Properties & Real Estate,50.0,243560701050.0,,,2020-04-16 09:00:00,2022-04-15 16:00:00,2007-12-19,2023-01-06,1.0,50.0,0.3531,0.3969,0.0035
CPIN,Charoen Pokphand Indonesia Tbk,1991-03-18,16398000000.0,Utama,Consumer Non-Cyclicals,6000.0,98388000000000.0,2021-11-01 09:00:00,2023-01-06 15:59:00,2020-04-16 09:00:00,2023-01-06 15:00:00,2001-04-16,2023-01-06,1.0,6000.0,0.7222,0.1353,0.0002
CPRI,Capri Nusa Satu Properti Tbk.,2019-04-11,2433379958.0,Pengembangan,Properties & Real Estate,50.0,121668997900.0,2022-10-03 09:00:00,2023-01-06 15:59:00,2020-04-16 09:00:00,2023-01-06 15:00:00,2019-04-11,2023-01-06,1.0,50.0,0.4773,0.3104,0.0074
CPRO,Central Proteina Prima Tbk.,2006-11-28,59572382787.0,Utama,Consumer Non-Cyclicals,53.0,3157336287711.0,2021-11-01 09:00:00,2023-01-06 15:59:00,2020-04-16 09:00:00,2023-01-06 15:00:00,2006-11-28,2023-01-06,1.0,53.0,0.4283,-0.2575,0.0792
CRAB,Toba Surimi Industries Tbk.,2022-08-10,1950000000.0,Pengembangan,Consumer Non-Cyclicals,216.0,421200000000.0,2022-08-10 09:00:00,2023-01-06 15:59:00,2022-08-10 09:00:00,2023-01-06 15:00:00,2022-08-10,2023-01-06,1.0,216.0,0.5048,0.1916,0.0035
CSAP,Catur Sentosa Adiprana Tbk.,2007-12-12,4458352920.0,Utama,Consumer Cyclicals,780.0,3477515277600.0,2021-11-01 09:00:00,2023-01-06 15:59:00,2020-04-16 09:00:00,2023-01-06 15:00:00,2007-12-12,2023-01-06,1.0,780.0,0.5262,0.4932,0.0514
CSIS,Cahayasakti Investindo Sukses ,2017-05-10,1307000000.0,Pengembangan,Properties & Real Estate,61.0,79727000000.0,2021-11-01 09:00:00,2023-01-06 15:59:00,2020-04-16 09:00:00,2023-01-06 15:00:00,2017-05-10,2023-01-06,1.0,61.0,0.8133,-0.0516,0.0659
CSMI,Cipta Selera Murni Tbk.,2020-04-09,816061500.0,Pengembangan,Consumer Cyclicals,3150.0,2570593725000.0,2021-11-01 09:00:00,2022-07-15 15:59:00,2020-04-16 09:00:00,2022-07-15 16:00:00,2020-04-09,2023-01-06,1.0,3150.0,0.1267,0.4532,0.0326
CSRA,Cisadane Sawit Raya Tbk.,2020-01-09,2050000000.0,Utama,Consumer Non-Cyclicals,560.0,1148000000000.0,2021-11-01 09:00:00,2023-01-06 15:59:00,2020-04-16 09:00:00,2023-01-06 15:00:00,2020-01-09,2023-01-06,1.0,560.0,0.2106,0.0409,0.0049
CTBN,Citra Tubindo Tbk.,1989-11-28,800371500.0,Utama,Basic Materials,1625.0,1300603687500.0,2021-11-01 09:00:00,2023-01-06 15:59:00,2020-04-16 09:00:00,2023-01-06 15:00:00,2001-04-16,2023-01-06,1.0,1625.0,0.7213,0.3112,0.0034
CTRA,Ciputra Development Tbk.,1994-03-28,18560303397.0,Utama,Properties & Real Estate,890.0,16518670023330.0,2021-11-01 09:00:00,2023-01-06 15:59:00,2020-04-16 09:00:00,2023-01-06 15:00:00,2001-04-16,2023-01-06,1.0,890.0,0.7525,0.4043,0.0399
CTTH,Citatah Tbk.,1996-07-03,1230839821.0,Pengembangan,Industrials,50.0,61541991050.0,2021-11-01 09:00:00,2023-01-06 15:59:00,2020-04-16 09:00:00,2023-01-06 15:00:00,2001-04-16,2023-01-06,1.0,50.0,0.6076,-0.2802,0.0283
DADA,Diamond Citra Propertindo Tbk.,2020-02-14,7178146908.0,Pengembangan,Properties & Real Estate,50.0,358907345400.0,2021-11-01 09:00:00,2023-01-06 15:59:00,2020-04-16 09:00:00,2023-01-06 15:00:00,2020-02-14,2023-01-06,1.0,50.0,0.7819,0.3268,0.031
DART,Duta Anggada Realty Tbk.,1990-05-08,3141390962.0,Utama,Properties & Real Estate,173.0,543460636426.0,2021-11-01 09:00:00,2023-01-06 15:59:00,2020-04-16 09:00:00,2023-01-06 15:00:00,2001-04-16,2023-01-06,1.0,173.0,0.7777,0.4303,0.0661
DAYA,Duta Intidaya Tbk.,2016-06-28,2420547025.0,Pengembangan,Consumer Non-Cyclicals,202.0,488950499050.0,2021-11-01 09:00:00,2023-01-06 15:59:00,2020-04-16 09:00:00,2023-01-06 15:00:00,2016-06-28,2023-01-06,1.0,202.0,0.6062,0.2858,0.0057
DCII,DCI Indonesia Tbk.,2021-01-06,2383745900.0,Pengembangan,Technology,37900.0,90343969610000.0,2021-11-01 09:00:00,2023-01-06 15:59:00,2021-01-06 09:00:00,2023-01-06 15:00:00,2021-01-06,2023-01-06,1.0,37900.0,0.5058,0.2182,0.023
DEAL,Dewata Freightinternational Tb,2018-11-11,1146170959.0,Pengembangan,Transportation & Logistic,50.0,57308547950.0,2021-11-01 09:00:00,2023-01-06 15:59:00,2020-04-16 09:00:00,2023-01-06 15:00:00,2018-11-12,2023-01-06,1.0,50.0,0.2035,-0.1592,0.0715
DEFI,Danasupra Erapacific Tbk.,2001-07-06,687266666.0,Pengembangan,Financials,1455.0,999972999030.0,2021-11-01 09:00:00,2022-01-07 15:59:00,2020-04-16 09:00:00,2022-04-15 16:00:00,2001-07-06,2023-01-06,1.0,1455.0,0.235,0.3992,0.0511
DEPO,Caturkarda Depo Bangunan Tbk.,2021-11-25,6790000000.0,Utama,Consumer Cyclicals,482.0,3272780000000.0,2021-11-25 09:00:00,2023-01-06 15:59:00,2021-11-25 09:00:00,2023-01-06 15:00:00,2021-11-25,2023-01-06,1.0,482.0,0.1061,-0.2838,0.0095
DEWA,Darma Henwa Tbk,2007-09-26,21853733792.0,Utama,Energy,54.0,1180101624768.0,2021-11-01 09:00:00,2023-01-06 15:59:00,2020-04-16 09:00:00,2023-01-06 15:00:00,2007-09-26,2023-01-06,1.0,54.0,0.5632,0.4602,0.0445
DEWI,Dewi Shri Farmindo Tbk.,2022-07-18,2000000000.0,Pengembangan,Consumer Non-Cyclicals,220.0,440000000000.0,2022-07-18 09:00:00,2023-01-06 15:59:00,2022-07-18 09:00:00,2023-01-06 15:00:00,2022-07-18,2023-01-06,1.0,220.0,0.1231,-0.1442,0.0663
DFAM,Dafam Property Indonesia Tbk.,2018-04-27,1899852850.0,Pengembangan,Consumer Cyclicals,90.0,170986756500.0,2021-11-01 09:00:00,2023-01-06 15:59:00,2020-04-16 09:00:00,2023-01-06 15:00:00,2018-04-27,2023-01-06,1.0,90.0,0.2055,0.1011,0.0724
DGIK,Nusa Konstruksi Enjiniring Tbk,2007-12-19,5541165000.0,Utama,Infrastructures,124.0,687104460000.0,2021-11-01 09:00:00,2023-01-06 15:59:00,2020-04-16 09:00:00,2023-01-06 15:00:00,2007-12-19,2023-01-06,1.0,124.0,0.2369,-0.0389,0.015
DGNS,Diagnos Laboratorium Utama Tbk,2021-01-15,1250000000.0,Pengembangan,Healthcare,252.0,315000000000.0,2021-11-01 09:00:00,2023-01-06 15:59:00,2021-01-15 09:00:00,2023-01-06 15:00:00,2021-01-15,2023-01-06,1.0,252.0,0.6743,-0.1634,0.0036
DIGI,Arkadia Digital Media Tbk.,2018-09-18,1625000000.0,Pengembangan,Consumer Cyclicals,50.0,81250000000.0,2021-11-01 09:00:00,2023-01-06 15:59:00,2020-04-16 09:00:00,2023-01-06 15:00:00,2018-09-18,2023-01-06,1.0,50.0,0.5496,0.2241,0.0504
DILD,Intiland Development Tbk.,1991-09-04,10365854185.0,Utama,Properties & Real Estate,160.0,1658536669600.0,2021-11-01 09:00:00,2023-01-06 15:59:00,2020-04-16 09:00:00,2023-01-06 15:00:00,2001-04-16,2023-01-06,1.0,160.0,0.5909,0.2084,0.0286
DIVA,Distribusi Voucher Nusantara T,2018-11-27,1428571400.0,Pengembangan,Technology,900.0,1285714260000.0,2021-11-01 09:00:00,2023-01-06 15:59:00,2020-04-16 09:00:00,2023-01-06 15:00:00,2018-11-27,2023-01-06,1.0,900.0,0.791,0.052,0.0388
DKFT,Central Omega Resources Tbk.,1997-11-21,5638246600.0,Pengembangan,Basic Materials,102.0,575101153200.0,2021-11-01 09:00:00,2023-01-06 15:59:00,2020-04-16 09:00:00,2023-01-06 15:00:00,2001-04-16,2023-01-06,1.0,102.0,0.068,-0.1692,0.0609
DLTA,Delta Djakarta Tbk.,1984-02-27,800659050.0,Utama,Consumer Non-Cyclicals,3760.0,3010478028000.0,2021-11-01 09:00:00,2023-01-06 15:59:00,2020-04-16 09:00:00,2023-01-06 15:00:00,2001-04-16,2023-01-06,1.0,3760.0,0.0668,-0.2506,0.0756
DMAS,Puradelta Lestari Tbk.,2015-05-29,48198111100.0,Utama,Properties & Real Estate,159.0,7663499664900.0,2021-11-01 09:00:00,2023-01-06 15:59:00,2020-04-16 09:00:00,2023-01-06 15:00:00,2015-05-29,2023-01-06,1.0,159.0,0.3433,0.3298,0.0718
DMMX,Digital Mediatama Maxima Tbk.,2019-10-21,7692307700.0,Pengembangan,Technology,1080.0,8307692316000.0,2021-11-01 09:00:00,2023-01-06 15:59:00,2020-04-16 09:00:00,2023-01-06 15:00:00,2019-10-21,2023-01-06,1.0,1080.0,0.1851,0.3425,0.0018
DMND,Diamond Food Indonesia Tbk.,2020-01-22,9468359000.0,Utama,Consumer Non-Cyclicals,825.0,7811396175000.0,2021-11-01 09:00:00,2023-01-06 15:59:00,2020-04-16 09:00:00,2023-01-06 15:00:00,2020-01-22,2023-01-06,1.0,825.0,0.8182,-0.033,0.0463
DNAR,Bank Oke Indonesia Tbk.,2014-07-11,13816569569.0,Utama,Financials,168.0,2321183687592.0,2021-11-01 09:00:00,2023-01-06 15:59:00,2020-04-16 09:00:00,2023-01-06 15:00:00,2014-07-11,2023-01-06,1.0,168.0,0.314,0.4826,0.0717
DNET,Indoritel Makmur Internasional,2000-12-11,14184000000.0,Pengembangan,Financials,4120.0,58438080000000.0,2021-11-01 09:00:00,2023-01-06 15:59:00,2020-04-16 09:00:00,2023-01-06 15:00:00,2001-04-16,2023-01-06,1.0,4120.0,0.4929,0.4354,0.0465
DOID,Delta Dunia Makmur Tbk.,2001-06-15,8621173232.0,Utama,Energy,278.0,2396686158496.0,2021-11-01 09:00:00,2023-01-06 15:59:00,2020-04-16 09:00:00,2023-01-06 15:00:00,2001-06-15,2023-01-06,1.0,278.0,0.2275,0.3274,0.0574
DPNS,Duta Pertiwi Nusantara Tbk.,1990-08-08,331129952.0,Utama,Basic Materials,420.0,139074579840.0,2021-11-01 09:00:00,2023-01-06 15:59:00,2020-04-16 09:00:00,2023-01-06 15:00:00,2001-04-16,2023-01-06,1.0,420.0,0.4151,0.4631,0.0016
DPUM,Dua Putra Utama Makmur Tbk.,2015-12-08,4175000000.0,Utama,Consumer Non-Cyclicals,50.0,208750000000.0,,,2020-04-16 09:00:00,2022-04-15 16:00:00,2015-12-08,2023-01-06,1.0,50.0,0.5568,0.4588,0.0623
DRMA,Dharma Polimetal Tbk.,2021-12-20,4705882300.0,Utama,Consumer Cyclicals,575.0,2705882322500.0,2021-12-20 09:00:00,2023-01-06 15:59:00,2021-12-20 09:00:00,2023-01-06 15:00:00,2021-12-20,2023-01-06,1.0,575.0,0.3688,0.3906,0.0458
DSFI,Dharma Samudera Fishing Indust,2000-03-24,1857135500.0,Utama,Consumer Non-Cyclicals,90.0,167142195000.0,2021-11-01 09:00:00,2023-01-06 15:59:00,2020-04-16 09:00:00,2023-01-06 15:00:00,2001-04-16,2023-01-06,1.0,90.0,0.1981,-0.0056,0.0669
DSNG,Dharma Satya Nusantara Tbk.,2013-06-14,10599842400.0,Utama,Consumer Non-Cyclicals,640.0,6783899136000.0,2021-11-01 09:00:00,2023-01-06 15:59:00,2020-04-16 09:00:00,2023-01-06 15:00:00,2013-06-14,2023-01-06,1.0,640.0,0.6807,0.255,0.048
DSSA,Dian Swastatika Sentosa Tbk,2009-12-10,770552320.0,Utama,Energy,38000.0,29280988160000.0,2021-11-01 09:00:00,2023-01-06 15:59:00,2020-04-16 09:00:00,2023-01-06 15:00:00,2009-12-10,2023-01-06,1.0,38000.0,0.36,0.2293,0.0671
DUCK,Jaya Bersama Indo Tbk.,2018-10-10,1283330000.0,Utama,Consumer Cyclicals,176.0,225866080000.0,,,2020-04-16 09:00:00,2022-04-15 16:00:00,2018-10-10,2023-01-06,1.0,176.0,0.4547,-0.2456,0.0419
DUTI,Duta Pertiwi Tbk,1994-11-02,1850000000.0,Pengembangan,Properties & Real Estate,3990.0,7381500000000.0,2021-11-01 09:00:00,2023-01-06 15:59:00,2020-04-16 09:00:00,2023-01-06 15:00:00,2001-04-16,2023-01-06,1.0,3990.0,0.6238,0.3388,0.0447
DVLA,Darya-Varia Laboratoria Tbk.,1994-11-11,1120000000.0,Utama,Healthcare,2340.0,2620800000000.0,2021-11-01 09:00:00,2023-01-06 15:59:00,2020-04-16 09:00:00,2023-01-06 15:00:00,2001-04-16,2023-01-06,1.0,2340.0,0.2589,0.3637,0.0589
DWGL,Dwi Guna Laksana Tbk.,2017-12-13,9244722556.0,Pengembangan,Energy,169.0,1562358111964.0,2021-11-01 09:00:00,2023-01-06 15:59:00,2020-04-16 09:00:00,2023-01-06 15:00:00,2017-12-13,2023-01-06,1.0,169.0,0.715,0.3012,0.0107
DYAN,Dyandra Media International Tb,2013-03-25,4272964279.0,Utama,Industrials,90.0,384566785110.0,2021-11-01 09:00:00,2023-01-06 15:59:00,2020-04-16 09:00:00,2023-01-06 15:00:00,2013-03-25,2023-01-06,1.0,90.0,0.5099,-0.0738,0.0021
EAST,Eastparc Hotel Tbk.,2019-07-09,4126366528.0,Pengembangan,Consumer Cyclicals,98.0,404383919744.0,2021-11-01 09:00:00,2023-01-06 15:59:00,2020-04-16 09:00:00,2023-01-06 15:00:00,2019-07-09,2023-01-06,1.0,98.0,0.6062,0.1968,0.0749
ECII,Electronic City Indonesia Tbk.,2013-07-03,1334333000.0,Pengembangan,Consumer Cyclicals,530.0,707196490000.0,2021-11-01 09:00:00,2023-01-06 15:59:00,2020-04-16 09:00:00,2023-01-06 15:00:00,2013-07-03,2023-01-06,1.0,530.0,0.8198,-0.0363,0.0679
EDGE,Indointernet Tbk.,2021-02-08,404050000.0,Pengembangan,Technology,19500.0,7878975000000.0,2021-11-01 09:00:00,2023-01-06 15:59:00,2021-02-08 09:00:00,2023-01-06 15:00:00,2021-02-08,2023-01-06,1.0,19500.0,0.437,0.1963,0.0739
EKAD,Ekadharma International Tbk.,1990-08-14,698775000.0,Utama,Basic Materials,282.0,197054550000.0,2021-11-01 09:00:00,2023-01-06 15:59:00,2020-04-16 09:00:00,2023-01-06 15:00:00,2001-04-16,2023-01-06,1.0,282.0,0.2568,-0.166,0.0779
ELIT,Data Sinergitama Jaya Tbk.,2023-01-06 00:00:00,2031456532.0,Pengembangan,Technology,112.0,227523131584.0,2023-01-06 09:00:00,2023-01-06 15:59:00,2023-01-06 09:00:00,2023-01-06 15:00:00,2023-01-06,2023-01-06,1.0,112.0,0.3471,0.016,0.0311
ELPI,Pelayaran Nasional Ekalya Purn,2022-08-08,7412000000.0,Utama,Transportation & Logistic,212.0,1571344000000.0,2022-08-08 09:00:00,2023-01-06 15:59:00,2022-08-08 09:00:00,2023-01-06 15:00:00,2022-08-08,2023-01-06,1.0,212.0,0.2984,-0.1549,0.0555
ELSA,Elnusa Tbk.,2008-02-06,7298500000.0,Utama,Energy,292.0,2131162000000.0,2021-11-01 09:00:00,2023-01-06 15:59:00,2020-04-16 09:00:00,2023-01-06 15:00:00,2008-02-06,2023-01-06,1.0,292.0,0.1845,-0.2065,0.0456
ELTY,Bakrieland Development Tbk.,1995-10-30,43521913019.0,Utama,Properties & Real Estate,50.0,2176095650950.0,2021-11-22 09:00:00,2023-01-06 15:59:00,2020-04-16 09:00:00,2023-01-06 15:00:00,2001-04-16,2023-01-06,1.0,50.0,0.2073,0.2724,0.0748
EMDE,Megapolitan Developments Tbk.,2011-01-12,3350000000.0,Pengembangan,Properties & Real Estate,125.0,418750000000.0,2021-11-01 09:00:00,2023-01-06 15:59:00,2020-04-16 09:00:00,2023-01-06 15:00:00,2011-01-12,2023-01-06,1.0,125.0,0.5072,0.2405,0.0641
EMTK,Elang Mahkota Teknologi Tbk.,2010-01-12,61241751483.0,Utama,Technology,980.0,60016916453340.0,2021-11-01 09:00:00,2023-01-06 15:59:00,2020-04-16 09:00:00,2023-01-06 15:00:00,2010-01-12,2023-01-06,1.0,980.0,0.0637,0.0521,0.0225
ENAK,Champ Resto Indonesia Tbk.,2022-02-08,2166666800.0,Pengembangan,Consumer Cyclicals,1930.0,4181666924000.0,2022-02-08 09:00:00,2023-01-06 15:59:00,2022-02-08 09:00:00,2023-01-06 15:00:00,2022-02-08,2023-01-06,1.0,1930.0,0.6744,0.2053,0.0712
ENRG,Energi Mega Persada Tbk.,2004-06-07,24821230250.0,Pengembangan,Energy,270.0,6701732167500.0,2021-11-01 09:00:00,2023-01-06 15:59:00,2020-04-16 09:00:00,2023-01-06 15:00:00,2004-06-07,2023-01-06,1.0,270.0,0.3849,-0.2974,0.034
ENVY,Envy Technologies Indonesia Tb,2019-07-08,1800000000.0,Pengembangan,Technology,50.0,90000000000.0,,,2020-04-16 09:00:00,2022-04-15 16:00:00,2019-07-08,2023-01-06,1.0,50.0,0.4812,0.1645,0.0438
ENZO,Morenzo Abadi Perkasa Tbk.,2020-09-14,2162545448.0,Pengembangan,Consumer Non-Cyclicals,73.0,157865817704.0,2021-11-01 09:00:00,2023-01-06 15:59:00,2020-09-14 09:00:00,2023-01-06 15:00:00,2020-09-14,2023-01-06,1.0,73.0,0.3774,0.1288,0.0635
EPAC,Megalestari Epack Sentosaraya ,2020-07-01,3303400000.0,Pengembangan,Basic Materials,50.0,165170000000.0,2021-11-01 09:00:00,2023-01-06 15:59:00,2020-07-01 09:00:00,2023-01-06 15:00:00,2020-07-01,2023-01-06,1.0,50.0,0.1799,-0.0723,0.0246
EPMT,Enseval Putera Megatrading Tbk,1994-08-01,2708640000.0,Pengembangan,Consumer Non-Cyclicals,2720.0,7367500800000.0,2021-11-01 09:00:00,2023-01-06 15:59:00,2020-04-16 09:00:00,2023-01-06 15:00:00,2001-04-16,2023-01-06,1.0,2720.0,0.7019,0.3038,0.0767
ERAA,Erajaya Swasembada Tbk.,2011-12-14,15950000000.0,Utama,Consumer Cyclicals,390.0,6220500000000.0,2021-11-01 09:00:00,2023-01-06 15:59:00,2020-04-16 09:00:00,2023-01-06 15:00:00,2011-12-14,2023-01-06,1.0,390.0,0.6519,-0.2213,0.0664
ERTX,Eratex Djaja Tbk.,1990-08-21,1286539792.0,Pengembangan,Consumer Cyclicals,525.0,675433390800.0,2021-11-01 09:00:00,2023-01-06 15:59:00,2020-04-16 09:00:00,2023-01-06 15:00:00,2001-04-16,2023-01-06,1.0,525.0,0.7179,-0.0105,0.0382
ESIP,Sinergi Inti Plastindo Tbk.,2019-11-14,1109936024.0,Pengembangan,Basic Materials,56.0,62156417344.0,2021-11-01 09:00:00,2023-01-06 15:59:00,2020-04-16 09:00:00,2023-01-06 15:00:00,2019-11-14,2023-01-06,1.0,56.0,0.5906,0.4457,0.0349
ESSA,Surya Esa Perkasa Tbk.,2012-02-01,15660887000.0,Utama,Basic Materials,795.0,12450405165000.0,2021-11-01 09:00:00,2023-01-06 15:59:00,2020-04-16 09:00:00,2023-01-06 15:00:00,2012-02-01,2023-01-06,1.0,795.0,0.7303,-0.1275,0.0282
ESTA,Esta Multi Usaha Tbk.,2020-03-09,630000000.0,Pengembangan,Consumer Cyclicals,136.0,85680000000.0,2021-11-01 09:00:00,2023-01-06 15:59:00,2020-04-16 09:00:00,2023-01-06 15:00:00,2020-03-09,2023-01-06,1.0,136.0,0.2788,0.433,0.0574
ESTI,Ever Shine Tex Tbk.,1992-10-13,2015208720.0,Utama,Consumer Cyclicals,50.0,100760436000.0,2021-11-01 09:00:00,2023-01-06 15:59:00,2020-04-16 09:00:00,2023-01-06 15:00:00,2001-04-16,2023-01-06,1.0,50.0,0.2426,0.0288,0.0772
ETWA,Eterindo Wahanatama Tbk,1997-05-16,4668671400.0,Utama,Energy,212.0,989758336800.0,2022-08-29 09:00:00,2023-01-06 15:59:00,2020-04-16 09:00:00,2023-01-06 15:00:00,2001-04-16,2023-01-06,1.0,212.0,0.7165,-0.1697,0.0588
EURO,Estee Gold Feet Tbk.,2022-08-08,2500000000.0,Akselerasi,Consumer Non-Cyclicals,282.0,705000000000.0,2022-08-08 09:00:00,2023-01-06 15:59:00,2022-08-08 09:00:00,2023-01-06 15:00:00,2022-08-08,2023-01-06,1.0,282.0,0.1201,-0.1877,0.0165
EXCL,XL Axiata Tbk.,2005-09-29,10724674776.0,Utama,Infrastructures,2260.0,24237764993760.0,2021-11-01 09:00:00,2023-01-06 15:59:00,2020-04-16 09:00:00,2023-01-06 15:00:00,2005-09-29,2023-01-06,1.0,2260.0,0.2145,0.0131,0.0737
FAPA,FAP Agri Tbk.,2021-01-04,3629411800.0,Pengembangan,Consumer Non-Cyclicals,4280.0,15533882504000.0,2021-11-01 09:00:00,2023-01-06 15:59:00,2021-01-04 09:00:00,2023-01-06 15:00:00,2021-01-04,2023-01-06,1.0,4280.0,0.6793,0.3523,0.0672
FAST,Fast Food Indonesia Tbk.,1993-05-11,3990277158.0,Pengembangan,Consumer Cyclicals,820.0,3272027269560.0,2021-11-01 09:00:00,2023-01-06 15:59:00,2020-04-16 09:00:00,2023-01-06 15:00:00,2001-04-16,2023-01-06,1.0,820.0,0.7198,0.2721,0.0279
FASW,Fajar Surya Wisesa Tbk.,1994-12-19,2477888787.0,Utama,Basic Materials,6150.0,15239016040050.0,2021-12-27 09:00:00,2023-01-06 15:59:00,2020-04-16 09:00:00,2023-01-06 15:00:00,2001-04-16,2023-01-06,1.0,6150.0,0.3959,0.2977,0.0749
FILM,MD Pictures Tbk.,2018-08-07,9511217000.0,Utama,Consumer Cyclicals,1540.0,14647274180000.0,2021-11-01 09:00:00,2023-01-06 15:59:00,2020-04-16 09:00:00,2023-01-06 15:00:00,2018-08-07,2023-01-06,1.0,1540.0,0.7674,-0.0601,0.0126
FIMP,Fimperkasa Utama Tbk.,2021-04-09,400000975.0,Akselerasi,Infrastructures,74.0,29600072150.0,2021-11-01 09:00:00,2023-01-06 15:59:00,2021-04-09 09:00:00,2023-01-06 15:00:00,2021-04-09,2023-01-06,1.0,74.0,0.7733,-0.0438,0.0108
FIRE,Alfa Energi Investama Tbk.,2017-06-09,1475363179.0,Pengembangan,Energy,160.0,236058108640.0,2021-11-01 09:00:00,2023-01-06 15:59:00,2020-04-16 09:00:00,2023-01-06 15:00:00,2017-06-09,2023-01-06,1.0,160.0,0.517,0.1392,0.0596
FISH,FKS Multi Agro Tbk.,2002-01-18,480000000.0,Pengembangan,Consumer Non-Cyclicals,6650.0,3192000000000.0,2021-11-01 09:00:00,2023-01-06 15:59:00,2020-04-16 09:00:00,2023-01-06 15:00:00,2002-01-18,2023-01-06,1.0,6650.0,0.5262,-0.0795,0.0292
FITT,Hotel Fitra International Tbk.,2019-06-11,726130099.0,Pengembangan,Consumer Cyclicals,426.0,309331422174.0,2021-11-01 09:00:00,2023-01-06 15:59:00,2020-04-16 09:00:00,2023-01-06 15:00:00,2019-06-11,2023-01-06,1.0,426.0,0.1562,0.2175,0.0316
FLMC,Falmaco Nonwoven Industri Tbk.,2021-07-08,781250000.0,Akselerasi,Consumer Non-Cyclicals,79.0,61718750000.0,2021-11-01 09:00:00,2022-07-29 15:59:00,2021-07-08 09:00:00,2022-07-29 16:00:00,2021-07-08,2023-01-06,1.0,79.0,0.7992,0.0735,0.035
FMII,Fortune Mate Indonesia Tbk,2000-06-30,2721000000.0,Pengembangan,Properties & Real Estate,515.0,1401315000000.0,2021-11-01 09:00:00,2023-01-06 15:59:00,2020-04-16 09:00:00,2023-01-06 15:00:00,2001-04-16,2023-01-06,1.0,515.0,0.7847,0.42,0.0664
FOOD,Sentra Food Indonesia Tbk.,2019-01-08,650000000.0,Pengembangan,Consumer Non-Cyclicals,108.0,70200000000.0,2021-11-01 09:00:00,2023-01-06 15:59:00,2020-04-16 09:00:00,2023-01-06 15:00:00,2019-01-08,2023-01-06,1.0,108.0,0.7818,0.1773,0.0657
FORU,Fortune Indonesia Tbk,2002-01-17,465224000.0,Pengembangan,Consumer Cyclicals,222.0,103279728000.0,2021-11-01 09:00:00,2023-01-06 15:59:00,2020-04-16 09:00:00,2023-01-06 15:00:00,2002-01-17,2023-01-06,1.0,222.0,0.5274,0.2324,0.02
FORZ,Forza Land Indonesia Tbk.,2017-04-28,1984009887.0,Utama,Properties & Real Estate,50.0,99200494350.0,,,2020-04-16 09:00:00,2022-04-15 16:00:00,2017-04-28,2023-01-06,1.0,50.0,0.0835,0.4248,0.0325
FPNI,Lotte Chemical Titan Tbk.,2002-03-21,5566414000.0,Pengembangan,Basic Materials,200.0,1113282800000.0,2021-11-01 09:00:00,2023-01-06 15:59:00,2020-04-16 09:00:00,2023-01-06 15:00:00,2002-03-21,2023-01-06,1.0,200.0,0.6855,0.3665,0.0693
FREN,Smartfren Telecom Tbk.,2006-11-29,308106840243.0,Utama,Infrastructures,66.0,20335051456038.0,2021-11-01 09:00:00,2023-01-06 15:59:00,2020-04-16 09:00:00,2023-01-06 15:00:00,2006-11-29,2023-01-06,1.0,66.0,0.2666,-0.2836,0.015
FUJI,Fuji Finance Indonesia Tbk.,2019-07-09,1105000000.0,Pengembangan,Financials,400.0,442000000000.0,2021-11-01 09:00:00,2023-01-06 15:59:00,2020-04-16 09:00:00,2023-01-06 15:00:00,2019-07-09,2023-01-06,1.0,400.0,0.5329,0.1937,0.0304
GAMA,Aksara Global Development Tbk.,2012-07-11,10011027656.0,Utama,Properties & Real Estate,50.0,500551382800.0,2021-11-01 09:00:00,2022-12-23 15:59:00,2020-04-16 09:00:00,2022-12-23 15:00:00,2012-07-11,2023-01-06,1.0,50.0,0.207,-0.2853,0.0714
GDST,Gunawan Dianjaya Steel Tbk.,2009-12-23,9242500000.0,Pengembangan,Basic Materials,123.0,1136827500000.0,2021-11-01 09:00:00,2023-01-06 15:59:00,2020-04-16 09:00:00,2023-01-06 15:00:00,2009-12-23,2023-01-06,1.0,123.0,0.6307,0.3946,0.0411
GDYR,Goodyear Indonesia Tbk.,1980-12-22,410000000.0,Utama,Consumer Cyclicals,1315.0,539150000000.0,2021-11-01 09:00:00,2023-01-06 15:59:00,2020-04-16 09:00:00,2023-01-06 15:00:00,2001-04-16,2023-01-06,1.0,1315.0,0.2078,0.475,0.0126
GEMA,Gema Grahasarana Tbk.,2002-08-12,1600000000.0,Pengembangan,Consumer Cyclicals,308.0,492800000000.0,2021-11-01 09:00:00,2023-01-06 15:59:00,2020-04-16 09:00:00,2023-01-06 15:00:00,2002-08-12,2023-01-06,1.0,308.0,0.4959,-0.0458,0.0682
GEMS,Golden Energy Mines Tbk.,2011-11-17,5882353000.0,Utama,Energy,6850.0,40294118050000.0,2021-11-01 09:00:00,2023-01-06 15:59:00,2020-04-16 09:00:00,2023-01-06 15:00:00,2011-11-17,2023-01-06,1.0,6850.0,0.208,0.2332,0.0611
GGRM,Gudang Garam Tbk.,1990-08-27,1924088000.0,Utama,Consumer Non-Cyclicals,17775.0,34200664200000.0,2021-11-01 09:00:00,2023-01-06 15:59:00,2020-04-16 09:00:00,2023-01-06 15:00:00,2001-04-16,2023-01-06,1.0,17775.0,0.5163,0.4409,0.0559
GGRP,Gunung Raja Paksi Tbk.,2019-09-19,12111376157.0,Pengembangan,Basic Materials,510.0,6176801840070.0,2021-11-01 09:00:00,2023-01-06 15:59:00,2020-04-16 09:00:00,2023-01-06 15:00:00,2019-09-19,2023-01-06,1.0,510.0,0.2028,-0.0582,0.0047
GHON,Gihon Telekomunikasi Indonesia,2018-04-09,550000000.0,Utama,Infrastructures,1900.0,1045000000000.0,2021-11-01 09:00:00,2023-01-06 15:59:00,2020-04-16 09:00:00,2023-01-06 15:00:00,2018-04-09,2023-01-06,1.0,1900.0,0.523,0.1755,0.0073
GIAA,Garuda Indonesia (Persero) Tbk,2011-02-11,25886576254.0,Utama,Transportation & Logistic,163.0,4219511929402.0,2023-01-03 09:00:00,2023-01-06 15:59:00,2020-04-16 09:00:00,2023-01-06 15:00:00,2011-02-11,2023-01-06,1.0,163.0,0.3288,0.2878,0.0403
GJTL,Gajah Tunggal Tbk.,1990-05-08,3484800000.0,Utama,Consumer Cyclicals,555.0,1934064000000.0,2021-11-01 09:00:00,2023-01-06 15:59:00,2020-04-16 09:00:00,2023-01-06 15:00:00,2001-04-16,2023-01-06,1.0,555.0,0.233,0.0988,0.0474
GLOB,Globe Kita Terang Tbk.,2012-07-10,1111112000.0,Pengembangan,Consumer Cyclicals,111.0,123333432000.0,2021-11-01 09:00:00,2023-01-06 15:59:00,2020-04-16 09:00:00,2023-01-06 15:00:00,2012-07-10,2023-01-06,1.0,111.0,0.0759,0.1043,0.0525
GLVA,Galva Technologies Tbk.,2019-12-23,1500000000.0,Pengembangan,Technology,660.0,990000000000.0,2021-11-01 09:00:00,2023-01-06 15:59:00,2020-04-16 09:00:00,2023-01-06 15:00:00,2019-12-23,2023-01-06,1.0,660.0,0.3032,0.2051,0.0641
GMFI,Garuda Maintenance Facility Ae,2017-10-10,28233511500.0,Utama,Infrastructures,61.0,1722244201500.0,2021-11-01 09:00:00,2023-01-06 15:59:00,2020-04-16 09:00:00,2023-01-06 15:00:00,2017-10-10,2023-01-06,1.0,61.0,0.6841,-0.1,0.0351
GMTD,Gowa Makassar Tourism Developm,2000-12-11,101538000.0,Pengembangan,Properties & Real Estate,14500.0,1472301000000.0,2021-11-15 09:00:00,2022-10-28 15:59:00,2020-04-16 09:00:00,2022-10-28 16:00:00,2001-04-16,2023-01-06,1.0,14500.0,0.7428,0.4988,0.0108
GOLD,Visi Telekomunikasi Infrastruk,2010-07-07,1277276000.0,Pengembangan,Infrastructures,494.0,630974344000.0,2021-11-01 09:00:00,2023-01-06 15:59:00,2020-04-16 09:00:00,2023-01-06 15:00:00,2010-07-07,2023-01-06,1.0,494.0,0.7274,-0.0985,0.0186
GOLL,Golden Plantation Tbk.,2014-12-23,3665000759.0,Pengembangan,Consumer Non-Cyclicals,50.0,183250037950.0,,,,,2014-12-23,2023-01-06,1.0,50.0,0.6358,0.4969,0.0708
GOOD,Garudafood Putra Putri Jaya Tb,2018-10-10,36897901455.0,Utama,Consumer Non-Cyclicals,490.0,18079971712950.0,2021-11-01 09:00:00,2023-01-06 15:59:00,2020-04-16 09:00:00,2023-01-06 15:00:00,2018-10-10,2023-01-06,1.0,490.0,0.5153,-0.0062,0.005
GOTO,GoTo Gojek Tokopedia Tbk.,2022-04-11,1184363929502.0,Utama,Technology,95.0,112514573302690.0,2022-04-11 09:00:00,2023-01-06 15:59:00,2022-04-11 09:00:00,2023-01-06 15:00:00,2022-04-11,2023-01-06,1.0,95.0,0.4205,-0.1391,0.0664
GPRA,Perdana Gapuraprima Tbk.,2007-10-10,4276655336.0,Utama,Properties & Real Estate,99.0,423388878264.0,2021-11-01 09:00:00,2023-01-06 15:59:00,2020-04-16 09:00:00,2023-01-06 15:00:00,2007-10-10,2023-01-06,1.0,99.0,0.4966,-0.2396,0.0392
GPSO,Geoprima Solusi Tbk.,2021-09-06,666666823.0,Pengembangan,Industrials,138.0,92000021574.0,2021-11-01 09:00:00,2023-01-06 15:59:00,2021-09-06 09:00:00,2023-01-06 15:00:00,2021-09-06,2023-01-06,1.0,138.0,0.4755,-0.1499,0.055
GSMF,Equity Development Investment ,1989-10-23,14230399705.0,Pengembangan,Financials,75.0,1067279977875.0,2021-11-01 09:00:00,2023-01-06 15:59:00,2020-04-16 09:00:00,2023-01-06 15:00:00,2001-04-16,2023-01-06,1.0,75.0,0.7064,0.2293,0.0223
GTBO,Garda Tujuh Buana Tbk,2009-07-09,2500000000.0,Pengembangan,Energy,230.0,575000000000.0,2022-12-19 09:36:00,2023-01-06 15:59:00,2020-04-16 09:00:00,2023-01-06 15:00:00,2009-07-09,2023-01-06,1.0,230.0,0.7932,-0.2717,0.0224
GTSI,GTS Internasional Tbk.,2021-09-08,15819142767.0,Utama,Energy,54.0,854233709418.0,2021-11-01 09:00:00,2023-01-06 15:59:00,2021-09-08 09:00:00,2023-01-06 15:00:00,2021-09-08,2023-01-06,1.0,54.0,0.2661,0.2542,0.0057
GULA,Aman Agrindo Tbk.,2022-08-03,1070362500.0,Pengembangan,Consumer Non-Cyclicals,314.0,336093825000.0,2022-08-03 09:00:00,2023-01-06 15:59:00,2022-08-03 09:00:00,2023-01-06 15:00:00,2022-08-03,2023-01-06,1.0,314.0,0.523,0.2954,0.0399
GWSA,Greenwood Sejahtera Tbk.,2011-12-23,7800760000.0,Utama,Properties & Real Estate,151.0,1177914760000.0,2021-11-01 09:00:00,2023-01-06 15:59:00,2020-04-16 09:00:00,2023-01-06 15:00:00,2011-12-23,2023-01-06,1.0,151.0,0.2273,0.3715,0.0418
GZCO,Gozco Plantations Tbk.,2008-05-15,6000000000.0,Utama,Consumer Non-Cyclicals,80.0,480000000000.0,2021-11-01 09:00:00,2023-01-06 15:59:00,2020-04-16 09:00:00,2023-01-06 15:00:00,2008-05-15,2023-01-06,1.0,80.0,0.5608,0.0812,0.0345
HADE,Himalaya Energi Perkasa Tbk.,2004-04-12,2120000000.0,Pengembangan,Infrastructures,50.0,106000000000.0,2021-11-01 09:00:00,2023-01-06 15:59:00,2020-04-16 09:00:00,2023-01-06 15:00:00,2004-04-12,2023-01-06,1.0,50.0,0.6662,0.2608,0.0458
HAIS,Hasnur Internasional Shipping ,2021-09-01,2626250000.0,Utama,Transportation & Logistic,208.0,546260000000.0,2021-11-01 09:00:00,2023-01-06 15:59:00,2021-09-01 09:00:00,2023-01-06 15:00:00,2021-09-01,2023-01-06,1.0,208.0,0.1613,0.1357,0.0492
HATM,Habco Trans Maritima Tbk.,2022-07-26,7000000000.0,Pengembangan,Transportation & Logistic,320.0,2240000000000.0,2022-07-26 09:00:00,2023-01-06 15:59:00,2022-07-26 09:00:00,2023-01-06 15:00:00,2022-07-26,2023-01-06,1.0,320.0,0.707,0.3857,0.0134
HDFA,Radana Bhaskara Finance Tbk.,2011-05-10,6542445783.0,Utama,Financials,150.0,981366867450.0,2021-11-01 09:00:00,2023-01-06 15:59:00,2020-04-16 09:00:00,2023-01-06 15:00:00,2011-05-10,2023-01-06,1.0,150.0,0.2405,0.0632,0.0799
HDIT,Hensel Davest Indonesia Tbk.,2019-07-12,1524680000.0,Utama,Technology,53.0,80808040000.0,2021-11-01 09:00:00,2023-01-06 15:59:00,2020-04-16 09:00:00,2023-01-06 15:00:00,2019-07-12,2023-01-06,1.0,53.0,0.1036,0.3171,0.0515
HDTX,Panasia Indo Resources Tbk.,1990-06-06,3601462800.0,Utama,Consumer Cyclicals,,,,,,,,,,,0.3379,-0.1698,0.0653
HEAL,Medikaloka Hermina Tbk.,2018-05-16,14920000000.0,Utama,Healthcare,1685.0,25140200000000.0,2021-11-01 09:00:00,2023-01-06 15:59:00,2020-04-16 09:00:00,2023-01-06 15:00:00,2018-05-16,2023-01-06,1.0,1685.0,0.7783,0.4782,0.0262
HELI,Jaya Trishindo Tbk.,2018-03-27,832862387.0,Pengembangan,Transportation & Logistic,278.0,231535743586.0,2021-11-01 09:00:00,2023-01-06 15:59:00,2020-04-16 09:00:00,2023-01-06 15:00:00,2018-03-27,2023-01-06,1.0,278.0,0.4819,-0.2221,0.0589
HERO,Hero Supermarket Tbk.,1989-08-21,4183634000.0,Utama,Consumer Non-Cyclicals,1520.0,6359123680000.0,2021-11-01 09:00:00,2023-01-06 15:59:00,2020-04-16 09:00:00,2023-01-06 15:00:00,2001-04-16,2023-01-06,1.0,1520.0,0.7338,-0.2481,0.0231
HEXA,Hexindo Adiperkasa Tbk.,1995-02-13,840000000.0,Utama,Industrials,5200.0,4368000000000.0,2021-11-01 09:00:00,2023-01-06 15:59:00,2020-04-16 09:00:00,2023-01-06 15:00:00,2001-04-16,2023-01-06,1.0,5200.0,0.7832,0.2985,0.035
HITS,Humpuss Intermoda Transportasi,1997-12-15,7101084801.0,Utama,Energy,406.0,2883040429206.0,2021-11-01 09:00:00,2023-01-06 15:59:00,2020-04-16 09:00:00,2023-01-06 15:00:00,2001-04-16,2023-01-06,1.0,406.0,0.4458,0.426,0.0035
HKMU,HK Metals Utama Tbk.,2018-10-09,3221750000.0,Utama,Basic Materials,50.0,161087500000.0,2021-11-01 09:00:00,2023-01-06 15:59:00,2020-04-16 09:00:00,2023-01-06 15:00:00,2018-10-09,2023-01-06,1.0,50.0,0.16,-0.219,0.0706
HMSP,H.M. Sampoerna Tbk.,1990-08-15,116318076900.0,Utama,Consumer Non-Cyclicals,840.0,97707184596000.0,2021-11-01 09:00:00,2023-01-06 15:59:00,2020-04-16 09:00:00,2023-01-06 15:00:00,2001-04-16,2023-01-06,1.0,840.0,0.1507,0.248,0.0273
HOKI,Buyung Poetra Sembada Tbk.,2017-06-22,9677752680.0,Utama,Consumer Non-Cyclicals,101.0,977453020680.0,2021-11-01 09:00:00,2023-01-06 15:59:00,2020-04-16 09:00:00,2023-01-06 15:00:00,2017-06-22,2023-01-06,1.0,101.0,0.5026,0.2591,0.0335
HOME,Hotel Mandarine Regency Tbk.,2008-07-17,22212194782.0,Pengembangan,Consumer Cyclicals,50.0,1110609739100.0,,,,,2008-07-17,2023-01-06,1.0,50.0,0.1757,0.4506,0.011
HOMI,Grand House Mulia Tbk.,2020-09-10,787500000.0,Pengembangan,Properties & Real Estate,326.0,256725000000.0,2021-11-01 09:00:00,2023-01-06 15:59:00,2020-09-10 09:00:00,2023-01-06 15:00:00,2020-09-10,2023-01-06,1.0,326.0,0.3142,0.1861,0.0332
HOPE,Harapan Duta Pertiwi Tbk.,2021-05-24,2129167100.0,Pengembangan,Industrials,50.0,106458355000.0,2021-11-01 09:00:00,2023-01-06 15:59:00,2021-05-24 09:00:00,2023-01-06 15:00:00,2021-05-24,2023-01-06,1.0,50.0,0.0788,0.0316,0.0269
HOTL,Saraswati Griya Lestari Tbk.,2013-01-10,3550001452.0,Utama,Consumer Cyclicals,50.0,177500072600.0,2021-11-01 09:00:00,2022-07-29 15:59:00,2020-04-16 09:00:00,2022-07-22 16:00:00,2013-01-10,2023-01-06,1.0,50.0,0.7189,0.0057,0.0649
HRME,Menteng Heritage Realty Tbk.,2019-04-12,5958750000.0,Pengembangan,Consumer Cyclicals,51.0,303896250000.0,2021-11-01 09:00:00,2023-01-06 15:59:00,2020-04-16 09:00:00,2023-01-06 15:00:00,2019-04-12,2023-01-06,1.0,51.0,0.305,0.4457,0.0516
HRTA,Hartadinata Abadi Tbk.,2017-06-21,4605262400.0,Utama,Consumer Cyclicals,202.0,930263004800.0,2021-11-01 09:00:00,2023-01-06 15:59:00,2020-04-16 09:00:00,2023-01-06 15:00:00,2017-06-21,2023-01-06,1.0,202.0,0.5071,0.172,0.0759
HRUM,Harum Energy Tbk.,2010-10-06,2703620000.0,Utama,Energy,1520.0,4109502400000.0,2021-11-01 09:00:00,2023-01-06 15:59:00,2020-04-16 09:00:00,2023-01-06 15:00:00,2010-10-06,2023-01-06,1.0,1520.0,0.6531,0.0366,0.078
IATA,MNC Energy Investments Tbk.,2006-09-13,11415812114.0,Pengembangan,Transportation & Logistic,130.0,1484055574820.0,2021-11-01 09:00:00,2023-01-06 15:59:00,2020-04-16 09:00:00,2023-01-06 15:00:00,2006-09-13,2023-01-06,1.0,130.0,0.3292,-0.0352,0.0652
IBFN,Intan Baru Prana Tbk.,2014-12-22,1517332349.0,Pengembangan,Financials,97.0,147181237853.0,2021-11-01 09:00:00,2022-02-11 15:59:00,2020-04-16 09:00:00,2022-04-15 16:00:00,2014-12-22,2023-01-06,1.0,97.0,0.5277,0.1679,0.0545
IBOS,Indo Boga Sukses Tbk.,2022-04-25,8036800000.0,Akselerasi,Consumer Non-Cyclicals,82.0,659017600000.0,2022-04-25 09:00:00,2023-01-06 15:59:00,2022-04-25 09:00:00,2023-01-06 15:00:00,2022-04-25,2023-01-06,1.0,82.0,0.3351,-0.1178,0.0104
IBST,Inti Bangun Sejahtera Tbk.,2012-08-31,1350904927.0,Utama,Infrastructures,5950.0,8037884315650.0,2021-11-01 09:00:00,2023-01-06 15:59:00,2020-04-16 09:00:00,2023-01-06 15:00:00,2012-08-31,2023-01-06,1.0,5950.0,0.1619,-0.1858,0.0034
ICBP,Indofood CBP Sukses Makmur Tbk,2010-10-07,11661908000.0,Utama,Consumer Non-Cyclicals,10175.0,118659913900000.0,2021-11-01 09:00:00,2023-01-06 15:59:00,2020-04-16 09:00:00,2023-01-06 15:00:00,2010-10-07,2023-01-06,1.0,10175.0,0.439,0.192,0.0058
ICON,Island Concepts Indonesia Tbk.,2005-07-08,1089750000.0,Pengembangan,Industrials,63.0,68654250000.0,2021-11-01 09:00:00,2023-01-06 15:59:00,2020-04-16 09:00:00,2023-01-06 15:00:00,2005-07-08,2023-01-06,1.0,63.0,0.2486,0.3538,0.0405
IDEA,Idea Indonesia Akademi Tbk.,2021-09-09,1062437500.0,Akselerasi,Consumer Cyclicals,56.0,59496500000.0,2021-11-01 09:00:00,2023-01-06 15:59:00,2021-09-09 09:00:00,2023-01-06 15:00:00,2021-09-09,2023-01-06,1.0,56.0,0.488,0.2665,0.0537
IDPR,Indonesia Pondasi Raya Tbk.,2015-12-10,2003000000.0,Utama,Infrastructures,183.0,366549000000.0,2021-11-01 09:00:00,2023-01-06 15:59:00,2020-04-16 09:00:00,2023-01-06 15:00:00,2015-12-10,2023-01-06,1.0,183.0,0.6906,-0.0978,0.0297
IFII,Indonesia Fibreboard Industry ,2019-12-10,9412000000.0,Utama,Basic Materials,158.0,1487096000000.0,2021-11-01 09:00:00,2023-01-06 15:59:00,2020-04-16 09:00:00,2023-01-06 15:00:00,2019-12-10,2023-01-06,1.0,158.0,0.5419,0.2212,0.0267
IFSH,Ifishdeco Tbk.,2019-12-05,2125000000.0,Pengembangan,Basic Materials,1205.0,2560625000000.0,2021-11-01 09:00:00,2023-01-06 15:59:00,2020-04-16 09:00:00,2023-01-06 15:00:00,2019-12-05,2023-01-06,1.0,1205.0,0.8314,0.3971,0.0451
IGAR,Champion Pacific Indonesia Tbk,1990-11-05,972204500.0,Utama,Basic Materials,468.0,454991706000.0,2021-11-01 09:00:00,2023-01-06 15:59:00,2020-04-16 09:00:00,2023-01-06 15:00:00,2001-04-16,2023-01-06,1.0,468.0,0.7786,0.3899,0.0773
IIKP,Inti Agri Resources Tbk,2002-10-14,33600000000.0,Pengembangan,Consumer Cyclicals,50.0,1680000000000.0,,,,,2002-10-14,2023-01-06,1.0,50.0,0.4127,0.2785,0.0154
IKAI,Intikeramik Alamasri Industri ,1997-06-04,13305799387.0,Utama,Consumer Cyclicals,50.0,665289969350.0,2021-11-01 09:00:00,2023-01-06 15:59:00,2020-04-16 09:00:00,2023-01-06 15:00:00,2001-04-16,2023-01-06,1.0,50.0,0.5291,0.385,0.059
IKAN,Era Mandiri Cemerlang Tbk.,2020-02-12,833333000.0,Pengembangan,Consumer Non-Cyclicals,57.0,47499981000.0,2021-11-01 09:00:00,2023-01-06 15:59:00,2020-04-16 09:00:00,2023-01-06 15:00:00,2020-02-12,2023-01-06,1.0,57.0,0.6001,-0.1377,0.0571
IKBI,Sumi Indo Kabel Tbk.,1991-01-21,1224000000.0,Pengembangan,Industrials,214.0,261936000000.0,2021-11-01 09:00:00,2023-01-06 15:59:00,2020-04-16 09:00:00,2023-01-06 15:00:00,2001-04-16,2023-01-06,1.0,214.0,0.6659,-0.2513,0.0794
IMAS,Indomobil Sukses Internasional,1993-11-15,3994291039.0,Utama,Consumer Cyclicals,835.0,3335233017565.0,2021-11-01 09:00:00,2023-01-06 15:59:00,2020-04-16 09:00:00,2023-01-06 15:00:00,2001-04-16,2023-01-06,1.0,835.0,0.1627,-0.2321,0.0113
IMJS,Indomobil Multi Jasa Tbk.,2013-12-10,8654325000.0,Utama,Financials,316.0,2734766700000.0,2021-11-01 09:00:00,2023-01-06 15:59:00,2020-04-16 09:00:00,2023-01-06 15:00:00,2013-12-10,2022-12-30,1.0,316.0,0.3308,-0.2052,0.0196
IMPC,Impack Pratama Industri Tbk.,2014-12-17,4833500000.0,Pengembangan,Industrials,3450.0,16675575000000.0,2021-11-01 09:00:00,2023-01-06 15:59:00,2020-04-16 09:00:00,2023-01-06 15:00:00,2014-12-17,2023-01-06,1.0,3450.0,0.3243,-0.0161,0.0154
INAF,Indofarma Tbk.,2001-04-17,3099267500.0,Utama,Healthcare,850.0,2634377375000.0,2021-11-01 09:00:00,2023-01-06 15:59:00,2020-04-16 09:00:00,2023-01-06 15:00:00,2001-04-17,2023-01-06,1.0,850.0,0.7762,0.2892,0.0272
INAI,Indal Aluminium Industry Tbk.,1994-12-05,633600000.0,Pengembangan,Basic Materials,250.0,158400000000.0,2021-11-01 09:00:00,2023-01-06 15:59:00,2020-04-16 09:00:00,2023-01-06 15:00:00,2001-04-16,2023-01-06,1.0,250.0,0.8124,-0.1918,0.0446
INCF,Indo Komoditi Korpora Tbk.,2016-09-06,1438370465.0,Pengembangan,Basic Materials,52.0,74795264180.0,2021-11-01 09:00:00,2023-01-06 15:59:00,2020-04-16 09:00:00,2023-01-06 15:00:00,2016-09-06,2023-01-06,1.0,52.0,0.1379,-0.0956,0.019
INCI,Intanwijaya Internasional Tbk,1990-07-24,196121237.0,Utama,Basic Materials,670.0,131401228790.0,2021-11-01 09:00:00,2023-01-06 15:59:00,2020-04-16 09:00:00,2023-01-06 15:00:00,2001-04-16,2023-01-06,1.0,670.0,0.3093,0.4133,0.0683
INCO,Vale Indonesia Tbk.,1990-05-16,9936338720.0,Utama,Basic Materials,7350.0,73032089592000.0,2021-11-01 09:00:00,2023-01-06 15:59:00,2020-04-16 09:00:00,2023-01-06 15:00:00,2001-04-16,2023-01-06,1.0,7350.0,0.7184,-0.199,0.0764
INDF,Indofood Sukses Makmur Tbk.,1994-07-14,8780426500.0,Utama,Consumer Non-Cyclicals,6950.0,61023964175000.0,2021-11-01 09:00:00,2023-01-06 15:59:00,2020-04-16 09:00:00,2023-01-06 15:00:00,2001-04-16,2023-01-06,1.0,6950.0,0.7817,-0.2475,0.0419
INDO,Royalindo Investa Wijaya Tbk.,2020-01-13,4356525519.0,Pengembangan,Properties & Real Estate,87.0,379017720153.0,2021-11-01 09:00:00,2023-01-06 15:59:00,2020-04-16 09:00:00,2023-01-06 15:00:00,2020-01-13,2023-01-06,1.0,87.0,0.3947,0.3012,0.0004
INDR,Indo-Rama Synthetics Tbk.,1990-08-03,654351707.0,Utama,Consumer Cyclicals,5200.0,3402628876400.0,2021-11-01 09:00:00,2023-01-06 15:59:00,2020-04-16 09:00:00,2023-01-06 15:00:00,2001-04-16,2023-01-06,1.0,5200.0,0.0507,0.4179,0.043
INDS,Indospring Tbk.,1990-08-10,656249710.0,Utama,Consumer Cyclicals,1900.0,1246874449000.0,2021-11-01 09:00:00,2023-01-06 15:59:00,2020-04-16 09:00:00,2023-01-06 15:00:00,2001-04-16,2023-01-06,1.0,1900.0,0.2918,0.1653,0.0078
INDX,Tanah Laut Tbk,2001-05-17,437913588.0,Pengembangan,Industrials,220.0,96340989360.0,2021-11-01 09:00:00,2023-01-06 15:59:00,2020-04-16 09:00:00,2023-01-06 15:00:00,2001-05-17,2023-01-06,1.0,220.0,0.0784,-0.0253,0.0595
INDY,Indika Energy Tbk.,2008-06-11,5210192000.0,Utama,Energy,2440.0,12712868480000.0,2021-11-01 09:00:00,2023-01-06 15:59:00,2020-04-16 09:00:00,2023-01-06 15:00:00,2008-06-11,2023-01-06,1.0,2440.0,0.3115,0.3309,0.0137
INKP,Indah Kiat Pulp & Paper Tbk.,1990-07-16,5470982941.0,Utama,Basic Materials,8625.0,47187227866125.0,2021-11-01 09:00:00,2023-01-06 15:59:00,2020-04-16 09:00:00,2023-01-06 15:00:00,2001-04-16,2023-01-06,1.0,8625.0,0.484,0.4871,0.0592
INOV,Inocycle Technology Group Tbk.,2019-07-10,1808221900.0,Pengembangan,Consumer Cyclicals,120.0,216986628000.0,2021-11-01 09:00:00,2023-01-06 15:59:00,2020-04-16 09:00:00,2023-01-06 15:00:00,2019-07-10,2023-01-06,1.0,120.0,0.8045,-0.2483,0.0108
INPC,Bank Artha Graha Internasional,1990-08-23,20021178779.0,Utama,Financials,70.0,1401482514530.0,2021-11-01 09:00:00,2023-01-06 15:59:00,2020-04-16 09:00:00,2023-01-06 15:00:00,2001-04-16,2023-01-06,1.0,70.0,0.2564,-0.1578,0.0496
INPP,Indonesian Paradise Property T,2004-01-12,11181971732.0,Pengembangan,Properties & Real Estate,398.0,4450424749336.0,2021-11-01 09:00:00,2023-01-06 15:59:00,2020-04-16 09:00:00,2023-01-06 15:00:00,2004-01-12,2023-01-06,1.0,398.0,0.8033,0.0258,0.0664
INPS,Indah Prakasa Sentosa Tbk.,2018-04-06,650000000.0,Pengembangan,Energy,995.0,646750000000.0,2021-11-01 09:00:00,2023-01-06 15:59:00,2020-04-16 09:00:00,2023-01-06 15:00:00,2018-04-06,2023-01-06,1.0,995.0,0.6181,-0.0588,0.0635
INRU,Toba Pulp Lestari Tbk.,1990-06-18,1388883283.0,Pengembangan,Basic Materials,630.0,874996468290.0,2021-11-01 09:00:00,2023-01-06 15:59:00,2020-04-16 09:00:00,2023-01-06 15:00:00,2001-04-16,2023-01-06,1.0,630.0,0.6624,-0.1194,0.0537
INTA,Intraco Penta Tbk.,1993-08-23,3343935022.0,Pengembangan,Industrials,74.0,247451191628.0,2021-11-01 09:00:00,2022-06-03 15:59:00,2020-04-16 09:00:00,2022-06-03 16:00:00,2001-04-16,2023-01-06,1.0,74.0,0.5227,-0.054,0.0741
INTD,Inter Delta Tbk,1989-12-18,591828000.0,Pengembangan,Basic Materials,183.0,108304524000.0,2021-11-01 09:00:00,2023-01-06 15:59:00,2020-04-16 09:00:00,2023-01-06 15:00:00,2001-04-16,2023-01-06,1.0,183.0,0.2339,0.3364,0.0298
INTP,Indocement Tunggal Prakarsa Tb,1989-12-05,3681231699.0,Utama,Basic Materials,10050.0,36996378574950.0,2021-11-01 09:00:00,2023-01-06 15:59:00,2020-04-16 09:00:00,2023-01-06 15:00:00,2001-04-16,2023-01-06,1.0,10050.0,0.0821,-0.0638,0.0476
IPAC,Era Graharealty Tbk.,2021-06-30,949868500.0,Akselerasi,Properties & Real Estate,111.0,105435403500.0,2021-11-01 09:00:00,2023-01-06 15:59:00,2021-06-30 09:00:00,2023-01-06 15:00:00,2021-06-30,2023-01-06,1.0,111.0,0.6285,0.1138,0.0403
IPCC,Indonesia Kendaraan Terminal T,2018-07-09,1818384820.0,Utama,Infrastructures,535.0,972835878700.0,2021-11-01 09:00:00,2023-01-06 15:59:00,2020-04-16 09:00:00,2023-01-06 15:00:00,2018-07-09,2023-01-06,1.0,535.0,0.3532,0.1179,0.068
IPCM,Jasa Armada Indonesia Tbk.,2017-12-22,5284811100.0,Utama,Infrastructures,270.0,1426898997000.0,2021-11-01 09:00:00,2023-01-06 15:59:00,2020-04-16 09:00:00,2023-01-06 15:00:00,2017-12-22,2023-01-06,1.0,270.0,0.2298,0.4869,0.0382
IPOL,Indopoly Swakarsa Industry Tbk,2010-07-09,6443379509.0,Utama,Basic Materials,141.0,908516510769.0,2021-11-01 09:00:00,2023-01-06 15:59:00,2020-04-16 09:00:00,2023-01-06 15:00:00,2010-07-09,2023-01-06,1.0,141.0,0.5208,-0.2446,0.0293
IPPE,Indo Pureco Pratama Tbk.,2021-12-09,4600000000.0,Pengembangan,Consumer Non-Cyclicals,122.0,561200000000.0,2021-12-09 09:00:00,2023-01-06 15:59:00,2021-12-09 09:00:00,2023-01-06 15:00:00,2021-12-09,2023-01-06,1.0,122.0,0.6682,-0.1495,0.032
IPTV,MNC Vision Networks Tbk.,2019-07-08,42197950841.0,Utama,Consumer Cyclicals,63.0,2658470902983.0,2021-11-01 09:00:00,2023-01-06 15:59:00,2020-04-16 09:00:00,2023-01-06 15:00:00,2019-07-08,2023-01-06,1.0,63.0,0.7133,-0.1426,0.0766
IRRA,Itama Ranoraya Tbk.,2019-10-15,1600000000.0,Pengembangan,Healthcare,1040.0,1664000000000.0,2021-11-01 09:00:00,2023-01-06 15:59:00,2020-04-16 09:00:00,2023-01-06 15:00:00,2019-10-15,2023-01-06,1.0,1040.0,0.5277,0.386,0.0709
ISAP,Isra Presisi Indonesia Tbk.,2022-12-09 00:00:00,4020000000.0,Akselerasi,Consumer Cyclicals,112.0,450240000000.0,2022-12-09 09:00:00,2023-01-06 15:59:00,2022-12-09 09:00:00,2023-01-06 15:00:00,2022-12-09,2023-01-06,1.0,112.0,0.6958,0.4226,0.0263
ISAT,Indosat Tbk.,1994-10-19,8062702740.0,Utama,Infrastructures,6125.0,49384054282500.0,2021-11-01 09:00:00,2023-01-06 15:59:00,2020-04-16 09:00:00,2023-01-06 15:00:00,2001-04-16,2023-01-06,1.0,6125.0,0.1506,-0.2037,0.0564
ISSP,Steel Pipe Industry of Indones,2013-02-22,7185992035.0,Utama,Basic Materials,236.0,1695894120260.0,2021-11-01 09:00:00,2023-01-06 15:59:00,2020-04-16 09:00:00,2023-01-06 15:00:00,2013-02-22,2023-01-06,1.0,236.0,0.3373,0.4741,0.0409
ITIC,Indonesian Tobacco Tbk.,2019-07-04,940720000.0,Pengembangan,Consumer Non-Cyclicals,252.0,237061440000.0,2021-11-01 09:00:00,2023-01-06 15:59:00,2020-04-16 09:00:00,2023-01-06 15:00:00,2019-07-04,2023-01-06,1.0,252.0,0.448,0.2523,0.047
ITMA,Sumber Energi Andalan Tbk.,1990-12-10,870701000.0,Pengembangan,Energy,770.0,670439770000.0,2021-11-01 09:00:00,2023-01-06 15:59:00,2020-04-16 09:00:00,2023-01-06 15:00:00,2001-04-16,2023-01-06,1.0,770.0,0.3355,-0.1619,0.0465
ITMG,Indo Tambangraya Megah Tbk.,2007-12-18,1129925000.0,Utama,Energy,35400.0,39999345000000.0,2021-11-01 09:00:00,2023-01-06 15:59:00,2020-04-16 09:00:00,2023-01-06 15:00:00,2007-12-18,2023-01-06,1.0,35400.0,0.7745,0.3637,0.0215
JARR,Jhonlin Agro Raya Tbk.,2022-08-04,8000000000.0,Pengembangan,Consumer Non-Cyclicals,260.0,2080000000000.0,2022-08-04 09:00:00,2023-01-06 15:59:00,2022-08-04 09:00:00,2023-01-06 15:00:00,2022-08-04,2023-01-06,1.0,260.0,0.1608,0.2931,0.0491
JAST,Jasnita Telekomindo Tbk.,2019-05-16,813626700.0,Pengembangan,Infrastructures,84.0,68344642800.0,2021-11-01 09:00:00,2023-01-06 15:59:00,2020-04-16 09:00:00,2023-01-06 15:00:00,2019-05-16,2023-01-06,1.0,84.0,0.3016,-0.2139,0.0392
JAWA,Jaya Agra Wattie Tbk.,2011-05-30,3774685500.0,Utama,Consumer Non-Cyclicals,128.0,483159744000.0,2021-11-01 09:00:00,2023-01-06 15:59:00,2020-04-16 09:00:00,2023-01-06 15:00:00,2011-05-30,2023-01-06,1.0,128.0,0.218,-0.0367,0.0524
JAYA,Armada Berjaya Trans Tbk.,2019-02-21,750000210.0,Pengembangan,Transportation & Logistic,107.0,80250022470.0,2021-11-01 09:00:00,2023-01-06 15:59:00,2020-04-16 09:00:00,2023-01-06 15:00:00,2019-02-21,2023-01-06,1.0,107.0,0.4404,-0.1663,0.0154
JECC,Jembo Cable Company Tbk.,1992-11-18,151200000.0,Pengembangan,Industrials,4950.0,748440000000.0,2021-11-01 09:00:00,2023-01-06 15:59:00,2020-04-16 09:00:00,2022-12-30 15:00:00,2001-04-16,2023-01-06,1.0,4950.0,0.7764,0.2641,0.0088
JGLE,Graha Andrasentra Propertindo ,2016-06-29,22581909405.0,Pengembangan,Consumer Cyclicals,50.0,1129095470250.0,2021-11-01 09:00:00,2023-01-06 15:59:00,2020-04-16 09:00:00,2023-01-06 15:00:00,2016-06-29,2023-01-06,1.0,50.0,0.2969,-0.1656,0.0514
JIHD,Jakarta International Hotels &,1984-02-29,2329040482.0,Pengembangan,Consumer Cyclicals,346.0,805848006772.0,2021-11-01 09:00:00,2023-01-06 15:59:00,2020-04-16 09:00:00,2023-01-06 15:00:00,2001-04-16,2023-01-06,1.0,346.0,0.5631,0.3071,0.0296
JKON,Jaya Konstruksi Manggala Prata,2007-12-04,16308519860.0,Utama,Infrastructures,110.0,1793937184600.0,2021-11-01 09:00:00,2023-01-06 15:59:00,2020-04-16 09:00:00,2023-01-06 15:00:00,2007-12-04,2023-01-06,1.0,110.0,0.6589,-0.256,0.0153
JKSW,Jakarta Kyoei Steel Works Tbk.,1997-08-06,150000000.0,Pengembangan,Basic Materials,60.0,9000000000.0,,,,,2001-04-16,2023-01-06,1.0,60.0,0.251,-0.2611,0.0444
JMAS,Asuransi Jiwa Syariah Jasa Mit,2017-12-18,1000000000.0,Pengembangan,Financials,79.0,79000000000.0,2021-11-01 09:00:00,2023-01-06 15:59:00,2020-04-16 09:00:00,2023-01-06 15:00:00,2017-12-18,2023-01-06,1.0,79.0,0.5093,0.2064,0.0141
JPFA,Japfa Comfeed Indonesia Tbk.,1989-10-23,11726575201.0,Utama,Consumer Non-Cyclicals,1380.0,16182673777380.0,2021-11-01 09:00:00,2023-01-06 15:59:00,2020-04-16 09:00:00,2023-01-06 15:00:00,2001-04-16,2023-01-06,1.0,1380.0,0.5142,-0.1481,0.0702
JRPT,Jaya Real Property Tbk.,1994-06-29,13750000000.0,Utama,Properties & Real Estate,486.0,6682500000000.0,2021-11-01 09:00:00,2023-01-06 15:59:00,2020-04-16 09:00:00,2023-01-06 15:00:00,2001-04-16,2023-01-06,1.0,486.0,0.4487,-0.197,0.0042
JSKY,Sky Energy Indonesia Tbk.,2018-03-28,2032540000.0,Utama,Energy,52.0,105692080000.0,2021-11-01 09:00:00,2022-07-29 15:59:00,2020-04-16 09:00:00,2022-07-29 16:00:00,2018-03-28,2023-01-06,1.0,52.0,0.2912,-0.0329,0.009
JSMR,Jasa Marga (Persero) Tbk.,2007-11-12,7257871200.0,Utama,Infrastructures,3050.0,22136507160000.0,2021-11-01 09:00:00,2023-01-06 15:59:00,2020-04-16 09:00:00,2023-01-06 15:00:00,2007-11-12,2023-01-06,1.0,3050.0,0.307,-0.1499,0.0347
JSPT,Jakarta Setiabudi Internasiona,1998-01-12,2318736000.0,Pengembangan,Consumer Cyclicals,840.0,1947738240000.0,2021-11-01 09:00:00,2022-12-19 15:59:00,2020-04-16 09:00:00,2022-12-19 15:00:00,2001-04-16,2023-01-06,1.0,840.0,0.6171,0.4481,0.0469
JTPE,Jasuindo Tiga Perkasa Tbk.,2002-04-16,1713012500.0,Pengembangan,Industrials,260.0,445383250000.0,2021-11-01 09:00:00,2023-01-06 15:59:00,2020-04-16 09:00:00,2023-01-06 15:00:00,2002-04-16,2023-01-06,1.0,260.0,0.2651,0.0015,0.079
KAEF,Kimia Farma Tbk.,2001-07-04,5554000000.0,Utama,Healthcare,1090.0,6053860000000.0,2021-11-01 09:00:00,2023-01-06 15:59:00,2020-04-16 09:00:00,2023-01-06 15:00:00,2001-07-04,2023-01-06,1.0,1090.0,0.5084,-0.0142,0.0073
KARW,ICTSI Jasa Prima Tbk.,1994-12-20,587152700.0,Pengembangan,Infrastructures,78.0,45797910600.0,2021-11-01 09:00:00,2023-01-06 15:59:00,2020-04-16 09:00:00,2023-01-06 15:00:00,2001-04-16,2023-01-06,1.0,78.0,0.7978,-0.1051,0.072
KAYU,Darmi Bersaudara Tbk.,2019-07-04,665000000.0,Pengembangan,Basic Materials,50.0,33250000000.0,2021-11-01 09:00:00,2023-01-06 15:59:00,2020-04-16 09:00:00,2023-01-06 15:00:00,2019-07-04,2023-01-06,1.0,50.0,0.4042,0.1395,0.0218
KBAG,Karya Bersama Anugerah Tbk.,2020-04-08,7150001509.0,Pengembangan,Properties & Real Estate,50.0,357500075450.0,2021-11-01 09:00:00,2023-01-06 15:59:00,2020-04-16 09:00:00,2023-01-06 15:00:00,2020-04-08,2023-01-06,1.0,50.0,0.1984,0.2666,0.0629
KBLI,KMI Wire & Cable Tbk.,1992-07-06,4007235107.0,Utama,Industrials,308.0,1234228412956.0,2021-11-01 09:00:00,2023-01-06 15:59:00,2020-04-16 09:00:00,2023-01-06 15:00:00,2001-04-16,2023-01-06,1.0,308.0,0.2026,0.3085,0.0059
KBLM,Kabelindo Murni Tbk.,1992-06-01,1120000000.0,Pengembangan,Industrials,236.0,264320000000.0,2021-11-01 09:00:00,2023-01-06 15:59:00,2020-04-16 09:00:00,2023-01-06 15:00:00,2001-04-16,2023-01-06,1.0,236.0,0.4952,0.1635,0.0404
KBLV,First Media Tbk.,2000-02-25,1742167907.0,Pengembangan,Infrastructures,100.0,174216790700.0,2021-11-01 09:00:00,2023-01-06 15:59:00,2020-04-16 09:00:00,2023-01-06 15:00:00,2001-04-16,2023-01-06,1.0,100.0,0.3521,0.1142,0.005
KBRI,Kertas Basuki Rachmat Indonesi,2008-07-11,8687995734.0,Pengembangan,Basic Materials,50.0,434399786700.0,,,,,2008-07-11,2023-01-06,1.0,50.0,0.4274,-0.1149,0.0345
KDSI,Kedawung Setia Industrial Tbk.,1996-07-29,405000000.0,Pengembangan,Basic Materials,1065.0,431325000000.0,2021-11-01 09:00:00,2023-01-06 15:59:00,2020-04-16 09:00:00,2023-01-06 15:00:00,2001-04-16,2023-01-06,1.0,1065.0,0.8398,0.3347,0.0354
KDTN,Puri Sentul Permai Tbk.,2022-11-09 00:00:00,1250000000.0,Pengembangan,Consumer Cyclicals,142.0,177500000000.0,2022-11-09 09:00:00,2023-01-06 15:59:00,2022-11-09 09:00:00,2023-01-06 15:00:00,2022-11-10,2023-01-06,1.0,142.0,0.469,-0.0031,0.0043
KEEN,Kencana Energi Lestari Tbk.,2019-09-02,3666312500.0,Utama,Infrastructures,600.0,2199787500000.0,2021-11-01 09:00:00,2023-01-06 15:59:00,2020-04-16 09:00:00,2023-01-06 15:00:00,2019-09-02,2023-01-06,1.0,600.0,0.3543,0.4798,0.0064
KEJU,Mulia Boga Raya Tbk.,2019-11-25,1500000000.0,Pengembangan,Consumer Non-Cyclicals,1400.0,2100000000000.0,2021-11-01 09:00:00,2023-01-06 15:59:00,2020-04-16 09:00:00,2023-01-06 15:00:00,2019-11-25,2023-01-06,1.0,1400.0,0.4095,-0.1603,0.067
KETR,Ketrosden Triasmitra Tbk.,2021-01-11 00:00:00,2841262838.0,Utama,Infrastructures,244.0,693268132472.0,2022-11-07 09:00:00,2023-01-06 15:59:00,2022-11-07 09:00:00,2023-01-06 15:00:00,2022-11-07,2023-01-06,1.0,244.0,0.3296,-0.2384,0.0646
KIAS,Keramika Indonesia Assosiasi T,1994-12-08,14929100000.0,Pengembangan,Industrials,50.0,746455000000.0,2021-11-01 09:00:00,2023-01-06 15:59:00,2020-04-16 09:00:00,2023-01-06 15:00:00,2001-04-16,2023-01-06,1.0,50.0,0.7163,0.1179,0.0185
KICI,Kedaung Indah Can Tbk,1993-10-28,276000000.0,Utama,Consumer Cyclicals,200.0,55200000000.0,2021-11-01 09:00:00,2023-01-06 15:59:00,2020-04-16 09:00:00,2023-01-06 15:00:00,2001-04-16,2023-01-06,1.0,200.0,0.5819,-0.014,0.0716
KIJA,Kawasan Industri Jababeka Tbk.,1995-01-10,20824888369.0,Utama,Properties & Real Estate,145.0,3019608813505.0,2021-11-01 09:00:00,2023-01-06 15:59:00,2020-04-16 09:00:00,2023-01-06 15:00:00,2001-04-16,2023-01-06,1.0,145.0,0.696,-0.0254,0.0453
KINO,Kino Indonesia Tbk.,2015-12-11,1428571500.0,Utama,Consumer Non-Cyclicals,1540.0,2200000110000.0,2021-11-01 09:00:00,2023-01-06 15:59:00,2020-04-16 09:00:00,2023-01-06 15:00:00,2015-12-11,2023-01-06,1.0,1540.0,0.4903,0.2907,0.0707
KIOS,Kioson Komersial Indonesia Tbk,2017-10-05,717239900.0,Pengembangan,Technology,141.0,101130825900.0,2021-11-01 09:00:00,2023-01-06 15:59:00,2020-04-16 09:00:00,2023-01-06 15:00:00,2017-10-05,2023-01-06,1.0,141.0,0.7604,-0.0823,0.0603
KJEN,Krida Jaringan Nusantara Tbk.,2019-07-01,500000000.0,Pengembangan,Transportation & Logistic,151.0,75500000000.0,2021-11-01 09:00:00,2023-01-06 15:59:00,2020-04-16 09:00:00,2023-01-06 15:00:00,2019-07-01,2023-01-06,1.0,151.0,0.8229,-0.1675,0.0377
KKES,Kusuma Kemindo Sentosa Tbk.,2022-08-08,1500000000.0,Pengembangan,Basic Materials,108.0,162000000000.0,2022-08-08 09:00:00,2023-01-06 15:59:00,2022-08-08 09:00:00,2023-01-06 15:00:00,2022-08-08,2023-01-06,1.0,108.0,0.5328,-0.0228,0.0241
KKGI,Resource Alam Indonesia Tbk.,1991-07-01,5000000000.0,Utama,Energy,396.0,1980000000000.0,2021-11-01 09:00:00,2023-01-06 15:59:00,2020-04-16 09:00:00,2023-01-06 15:00:00,2001-04-16,2023-01-06,1.0,396.0,0.3224,0.0956,0.0131
KLBF,Kalbe Farma Tbk.,1991-07-30,46875122110.0,Utama,Healthcare,2050.0,96094000325500.0,2021-11-01 09:00:00,2023-01-06 15:59:00,2020-04-16 09:00:00,2023-01-06 15:00:00,2001-04-16,2023-01-06,1.0,2050.0,0.3455,0.3476,0.0057
KLIN,Klinko Karya Imaji Tbk.,2022-08-09,1307500000.0,Akselerasi,Consumer Cyclicals,31.0,40532500000.0,2022-08-09 09:00:00,2023-01-06 15:59:00,2022-08-09 09:00:00,2023-01-06 15:00:00,2022-08-09,2023-01-06,1.0,31.0,0.7085,0.407,0.0074
KMDS,Kurniamitra Duta Sentosa Tbk.,2020-09-07,800000000.0,Pengembangan,Consumer Non-Cyclicals,565.0,452000000000.0,2021-11-01 09:00:00,2023-01-06 15:59:00,2020-09-07 09:00:00,2023-01-06 15:00:00,2020-09-07,2023-01-06,1.0,565.0,0.2777,-0.1768,0.0146
KMTR,Kirana Megatara Tbk.,2017-06-19,8215366379.0,Pengembangan,Basic Materials,266.0,2185287456814.0,2021-11-01 09:00:00,2023-01-06 15:59:00,2020-04-16 09:00:00,2023-01-06 15:00:00,2017-06-19,2023-01-06,1.0,266.0,0.7696,0.3658,0.0389
KOBX,Kobexindo Tractors Tbk.,2012-07-05,2272500000.0,Utama,Industrials,336.0,763560000000.0,2021-11-01 09:00:00,2023-01-06 15:59:00,2020-04-16 09:00:00,2023-01-06 15:00:00,2012-07-05,2023-01-06,1.0,336.0,0.7826,-0.2331,0.0098
KOIN,Kokoh Inti Arebama Tbk,2008-04-09,980843732.0,Pengembangan,Industrials,138.0,135356435016.0,2021-11-01 09:00:00,2023-01-06 15:59:00,2020-04-16 09:00:00,2023-01-06 15:00:00,2008-04-09,2023-01-06,1.0,138.0,0.5701,0.42,0.0376
KONI,Perdana Bangun Pusaka Tbk,1995-08-22,312000000.0,Pengembangan,Industrials,2960.0,923520000000.0,2021-11-01 09:00:00,2023-01-06 15:59:00,2020-04-16 09:00:00,2023-01-06 15:00:00,2001-04-16,2023-01-06,1.0,2960.0,0.1609,0.3822,0.0284
KOPI,Mitra Energi Persada Tbk.,2015-05-04,697266668.0,Pengembangan,Energy,545.0,380010334060.0,2021-11-01 09:00:00,2023-01-06 15:59:00,2020-04-16 09:00:00,2023-01-06 15:00:00,2015-05-04,2023-01-06,1.0,545.0,0.2041,-0.0898,0.0418
KOTA,DMS Propertindo Tbk.,2019-07-09,10546185701.0,Utama,Properties & Real Estate,50.0,527309285050.0,2021-11-01 09:00:00,2023-01-06 15:59:00,2020-04-16 09:00:00,2023-01-06 15:00:00,2019-07-09,2023-01-06,1.0,50.0,0.3977,0.4192,0.0404
KPAL,Steadfast Marine Tbk.,2018-06-08,1069009400.0,Utama,Industrials,50.0,53450470000.0,,,2020-04-16 09:00:00,2022-04-15 16:00:00,2018-06-08,2023-01-06,1.0,50.0,0.4271,-0.0742,0.007
KPAS,Cottonindo Ariesta Tbk.,2018-10-05,768043253.0,Pengembangan,Consumer Non-Cyclicals,62.0,47618681686.0,,,2020-04-16 09:00:00,2022-04-15 16:00:00,2018-10-05,2023-01-06,1.0,62.0,0.589,0.019,0.0413
KPIG,MNC Land Tbk.,2000-03-30,80625726664.0,Pengembangan,Consumer Cyclicals,69.0,5563175139816.0,2021-11-01 09:00:00,2023-01-06 15:59:00,2020-04-16 09:00:00,2023-01-06 15:00:00,2001-04-16,2023-01-06,1.0,69.0,0.1153,0.4676,0.0778
KRAH,Grand Kartech Tbk.,2013-11-08,971190000.0,Pengembangan,Industrials,436.0,423438840000.0,,,2020-04-16 09:00:00,2022-04-15 16:00:00,2013-11-08,2023-01-06,1.0,436.0,0.4133,-0.1481,0.0022
KRAS,Krakatau Steel (Persero) Tbk.,2010-11-10,19346396900.0,Utama,Basic Materials,310.0,5997383039000.0,2021-11-01 09:00:00,2023-01-06 15:59:00,2020-04-16 09:00:00,2023-01-06 15:00:00,2010-11-10,2023-01-06,1.0,310.0,0.4022,0.2598,0.0297
KREN,Kresna Graha Investama Tbk.,2002-06-28,18208470100.0,Utama,Technology,50.0,910423505000.0,2021-11-01 09:00:00,2023-01-06 15:59:00,2020-04-16 09:00:00,2023-01-06 15:00:00,2002-06-28,2023-01-06,1.0,50.0,0.7372,0.2457,0.0785
KRYA,Bangun Karya Perkasa Jaya Tbk.,2022-07-25,1625000000.0,Pengembangan,Infrastructures,418.0,679250000000.0,2022-07-25 09:00:00,2023-01-06 15:59:00,2022-07-25 09:00:00,2023-01-06 15:00:00,2022-07-25,2023-01-06,1.0,418.0,0.7688,-0.1148,0.0709
KUAS,Ace Oldfields Tbk.,2021-10-25,1292570540.0,Pengembangan,Industrials,56.0,72383950240.0,2021-11-01 09:00:00,2023-01-06 15:59:00,2021-10-25 09:00:00,2023-01-06 15:00:00,2021-10-25,2023-01-06,1.0,56.0,0.7222,0.2901,0.0136
LABA,Ladangbaja Murni Tbk.,2021-06-10,1000118550.0,Pengembangan,Industrials,99.0,99011736450.0,2021-11-01 09:00:00,2023-01-06 15:59:00,2021-06-10 09:00:00,2023-01-06 15:00:00,2021-06-10,2023-01-06,1.0,99.0,0.1786,-0.0525,0.0243
LAND,Trimitra Propertindo Tbk.,2018-08-23,2792620000.0,Pengembangan,Properties & Real Estate,50.0,139631000000.0,2021-11-01 09:00:00,2023-01-06 15:59:00,2020-04-16 09:00:00,2023-01-06 15:00:00,2018-08-23,2023-01-06,1.0,50.0,0.1419,-0.181,0.0532
LAPD,Leyand International Tbk.,2001-07-17,3966350139.0,Pengembangan,Infrastructures,50.0,198317506950.0,,,2020-04-16 09:00:00,2022-04-15 16:00:00,2001-07-17,2023-01-06,1.0,50.0,0.6854,-0.2008,0.0112
LCGP,Eureka Prima Jakarta Tbk.,2007-07-13,5630000914.0,Pengembangan,Properties & Real Estate,114.0,641820104196.0,,,,,2007-07-13,2023-01-06,1.0,114.0,0.0856,0.1446,0.076
LCKM,LCK Global Kedaton Tbk.,2018-01-16,1000000000.0,Pengembangan,Infrastructures,302.0,302000000000.0,2021-11-01 09:00:00,2023-01-06 15:59:00,2020-04-16 09:00:00,2023-01-06 15:00:00,2018-01-16,2023-01-06,1.0,302.0,0.7901,0.2535,0.0679
LEAD,Logindo Samudramakmur Tbk.,2013-12-11,4049616328.0,Utama,Energy,59.0,238927363352.0,2021-11-01 09:00:00,2023-01-06 15:59:00,2020-04-16 09:00:00,2023-01-06 15:00:00,2013-12-11,2023-01-06,1.0,59.0,0.0954,0.2838,0.0364
LFLO,Imago Mulia Persada Tbk.,2021-04-07,1307734937.0,Akselerasi,Consumer Cyclicals,55.0,71925421535.0,2021-11-01 09:00:00,2023-01-06 15:59:00,2021-04-07 09:00:00,2023-01-06 15:00:00,2021-04-07,2023-01-06,1.0,55.0,0.4118,0.4392,0.0549
LIFE,Asuransi Jiwa Sinarmas MSIG Tb,2019-07-09,2100000000.0,Utama,Financials,5175.0,10867500000000.0,2021-11-01 09:00:00,2022-12-09 15:59:00,2020-04-16 09:00:00,2022-12-09 16:00:00,2019-07-09,2023-01-06,1.0,5175.0,0.779,-0.083,0.0604
LINK,Link Net Tbk.,2014-06-02,2863195484.0,Utama,Infrastructures,2500.0,7157988710000.0,2021-11-01 09:00:00,2023-01-06 15:59:00,2020-04-16 09:00:00,2023-01-06 15:00:00,2014-06-02,2023-01-06,1.0,2500.0,0.4671,0.3338,0.0057
LION,Lion Metal Works Tbk.,1993-08-20,520160000.0,Utama,Industrials,735.0,382317600000.0,2021-11-01 09:00:00,2023-01-06 15:59:00,2020-04-16 09:00:00,2023-01-06 15:00:00,2001-04-16,2023-01-06,1.0,735.0,0.3836,-0.0364,0.0209
LMAS,Limas Indonesia Makmur Tbk,2001-12-28,787851525.0,Pengembangan,Technology,50.0,39392576250.0,2021-11-01 09:00:00,2022-07-29 15:59:00,2020-04-16 09:00:00,2022-07-29 16:00:00,2001-12-28,2023-01-06,1.0,50.0,0.8355,-0.0053,0.0778
LMPI,Langgeng Makmur Industri Tbk.,1994-10-17,1008517669.0,Pengembangan,Consumer Cyclicals,114.0,114971014266.0,2021-11-01 09:00:00,2023-01-06 15:59:00,2020-04-16 09:00:00,2023-01-06 15:00:00,2001-04-16,2023-01-06,1.0,114.0,0.7628,-0.1356,0.0125
LMSH,Lionmesh Prima Tbk.,1990-06-04,96000000.0,Pengembangan,Basic Materials,620.0,59520000000.0,2021-11-01 09:00:00,2023-01-06 15:59:00,2020-04-16 09:00:00,2023-01-06 15:00:00,2001-04-16,2023-01-06,1.0,620.0,0.4821,-0.0975,0.078
LPCK,Lippo Cikarang Tbk,1997-07-24,2679600000.0,Utama,Properties & Real Estate,960.0,2572416000000.0,2021-11-01 09:00:00,2023-01-06 15:59:00,2020-04-16 09:00:00,2023-01-06 15:00:00,2001-04-16,2023-01-06,1.0,960.0,0.7468,-0.134,0.0257
LPGI,Lippo General Insurance Tbk.,1997-07-22,150000000.0,Utama,Financials,5900.0,885000000000.0,2021-11-01 09:00:00,2023-01-06 15:59:00,2020-04-16 09:00:00,2023-01-06 15:00:00,2001-04-16,2023-01-06,1.0,5900.0,0.3415,0.4238,0.017
LPIN,Multi Prima Sejahtera Tbk,1990-02-05,425000000.0,Pengembangan,Consumer Cyclicals,390.0,165750000000.0,2021-11-01 09:00:00,2023-01-06 15:59:00,2020-04-16 09:00:00,2023-01-06 15:00:00,2001-04-16,2023-01-06,1.0,390.0,0.6292,-0.1221,0.0403
LPKR,Lippo Karawaci Tbk.,1996-06-28,70898018369.0,Utama,Properties & Real Estate,77.0,5459147414413.0,2021-11-01 09:00:00,2023-01-06 15:59:00,2020-04-16 09:00:00,2023-01-06 15:00:00,2001-04-16,2023-01-06,1.0,77.0,0.527,-0.0421,0.006
LPLI,Star Pacific Tbk,1989-10-23,1170432803.0,Pengembangan,Properties & Real Estate,272.0,318357722416.0,2021-11-01 09:00:00,2023-01-06 15:59:00,2020-04-16 09:00:00,2023-01-06 15:00:00,2001-04-16,2023-01-06,1.0,272.0,0.1057,-0.223,0.0468
LPPF,Matahari Department Store Tbk.,1989-10-09,2626148780.0,Utama,Consumer Cyclicals,4220.0,11082347851600.0,2021-11-01 09:00:00,2023-01-06 15:59:00,2020-04-16 09:00:00,2023-01-06 15:00:00,2001-04-16,2023-01-06,1.0,4220.0,0.6867,-0.0247,0.0493
LPPS,Lenox Pasifik Investama Tbk.,1994-03-28,2588250000.0,Pengembangan,Financials,82.0,212236500000.0,2021-11-01 09:00:00,2023-01-06 15:59:00,2020-04-16 09:00:00,2023-01-06 15:00:00,2001-04-16,2023-01-06,1.0,82.0,0.7085,-0.2781,0.0547
LRNA,Eka Sari Lorena Transport Tbk.,2014-04-15,350000022.0,Pengembangan,Transportation & Logistic,181.0,63350003982.0,2021-11-01 09:00:00,2023-01-06 15:59:00,2020-04-16 09:00:00,2023-01-06 15:00:00,2014-04-15,2023-01-06,1.0,181.0,0.7132,-0.061,0.0465
LSIP,PP London Sumatra Indonesia Tb,1996-07-05,6822863965.0,Utama,Consumer Non-Cyclicals,1015.0,6925206924475.0,2021-11-01 09:00:00,2023-01-06 15:59:00,2020-04-16 09:00:00,2023-01-06 15:00:00,2001-04-16,2023-01-06,1.0,1015.0,0.5633,-0.0171,0.0223
LTLS,Lautan Luas Tbk.,1997-07-21,1560000000.0,Utama,Basic Materials,1320.0,2059200000000.0,2021-11-01 09:00:00,2023-01-06 15:59:00,2020-04-16 09:00:00,2023-01-06 15:00:00,2001-04-16,2023-01-06,1.0,1320.0,0.6048,-0.2035,0.0702
LUCK,Sentral Mitra Informatika Tbk.,2018-11-28,715749640.0,Pengembangan,Technology,122.0,87321456080.0,2021-11-01 09:00:00,2023-01-06 15:59:00,2020-04-16 09:00:00,2023-01-06 15:00:00,2018-11-28,2023-01-06,1.0,122.0,0.2276,0.4489,0.073
LUCY,Lima Dua Lima Tiga Tbk.,2021-05-05,1035000200.0,Akselerasi,Consumer Cyclicals,185.0,191475037000.0,2021-11-01 09:00:00,2023-01-06 15:59:00,2021-05-05 09:00:00,2023-01-06 15:00:00,2021-05-05,2023-01-06,1.0,185.0,0.2846,0.4292,0.0234
MABA,Marga Abhinaya Abadi Tbk.,2017-06-22,15365229912.0,Pengembangan,Consumer Cyclicals,50.0,768261495600.0,,,,,2017-06-22,2023-01-06,1.0,50.0,0.7083,0.0428,0.0718
MAGP,Multi Agro Gemilang Plantation,2013-01-16,9000000004.0,Pengembangan,Consumer Non-Cyclicals,50.0,450000000200.0,2021-11-01 09:00:00,2022-07-15 15:59:00,2020-04-16 09:00:00,2022-07-15 16:00:00,2013-01-16,2023-01-06,1.0,50.0,0.0509,-0.2559,0.056
MAIN,Malindo Feedmill Tbk.,2006-02-10,2238750000.0,Utama,Consumer Non-Cyclicals,482.0,1079077500000.0,2021-11-01 09:00:00,2023-01-06 15:59:00,2020-04-16 09:00:00,2023-01-06 15:00:00,2006-02-10,2023-01-06,1.0,482.0,0.2862,-0.1074,0.031
MAMI,Mas Murni Indonesia Tbk,1994-02-09,12299117590.0,Utama,Consumer Cyclicals,50.0,614955879500.0,,,2020-04-16 09:00:00,2022-04-15 16:00:00,2001-04-16,2023-01-06,1.0,50.0,0.0567,0.3971,0.0515
MAPA,Map Aktif Adiperkasa Tbk.,2018-07-05,2850400000.0,Pengembangan,Consumer Cyclicals,3650.0,10403960000000.0,2021-11-01 09:00:00,2023-01-06 15:59:00,2020-04-16 09:00:00,2023-01-06 15:00:00,2018-07-05,2023-01-06,1.0,3650.0,0.5261,-0.162,0.0601
MAPB,MAP Boga Adiperkasa Tbk.,2017-06-21,2170922900.0,Pengembangan,Consumer Cyclicals,1835.0,3983643521500.0,2021-11-01 09:00:00,2023-01-06 15:59:00,2020-04-16 09:00:00,2023-01-06 15:00:00,2017-06-21,2023-01-06,1.0,1835.0,0.7435,0.2127,0.0125
MAPI,Mitra Adiperkasa Tbk.,2004-11-10,16600000000.0,Utama,Consumer Cyclicals,1300.0,21580000000000.0,2021-11-01 09:00:00,2023-01-06 15:59:00,2020-04-16 09:00:00,2023-01-06 15:00:00,2004-11-10,2023-01-06,1.0,1300.0,0.5961,-0.1084,0.0273
MARI,Mahaka Radio Integra Tbk.,2016-02-11,5252644000.0,Pengembangan,Consumer Cyclicals,126.0,661833144000.0,2021-11-01 09:00:00,2023-01-06 15:59:00,2020-04-16 09:00:00,2023-01-06 15:00:00,2016-02-11,2023-01-06,1.0,126.0,0.4547,0.0849,0.0499
MARK,Mark Dynamics Indonesia Tbk.,2017-07-12,3800000310.0,Utama,Industrials,625.0,2375000193750.0,2021-11-01 09:00:00,2023-01-06 15:59:00,2020-04-16 09:00:00,2023-01-06 15:00:00,2017-07-12,2023-01-06,1.0,625.0,0.6986,-0.055,0.0519
MASA,Multistrada Arah Sarana Tbk.,2005-06-09,9182946945.0,Utama,Consumer Cyclicals,2210.0,20294312748450.0,2021-11-01 09:00:00,2023-01-06 15:59:00,2020-04-16 09:00:00,2023-01-06 15:00:00,2005-06-09,2023-01-06,1.0,2210.0,0.8361,0.2619,0.0634
MASB,Bank Multiarta Sentosa Tbk.,2021-06-30,1226910070.0,Pengembangan,Financials,3480.0,4269647043600.0,2021-11-01 09:00:00,2023-01-06 15:59:00,2021-06-30 09:00:00,2023-01-06 15:00:00,2021-06-30,2023-01-06,1.0,3480.0,0.5461,0.3898,0.0503
MAYA,Bank Mayapada Internasional Tb,1997-08-29,11714045161.0,Utama,Financials,515.0,6032733257915.0,2021-11-01 09:00:00,2023-01-06 15:59:00,2020-04-16 09:00:00,2023-01-06 15:00:00,2001-04-16,2023-01-06,1.0,515.0,0.327,0.0838,0.0139
MBAP,Mitrabara Adiperdana Tbk.,2014-07-10,1227271952.0,Pengembangan,Energy,6975.0,8560221865200.0,2021-11-01 09:00:00,2023-01-06 15:59:00,2020-04-16 09:00:00,2023-01-06 15:00:00,2014-07-10,2023-01-06,1.0,6975.0,0.0999,0.4674,0.0665
MBSS,Mitrabahtera Segara Sejati Tbk,2011-04-06,1750026639.0,Utama,Energy,1190.0,2082531700410.0,2021-11-01 09:00:00,2023-01-06 15:59:00,2020-04-16 09:00:00,2023-01-06 15:00:00,2011-04-06,2023-01-06,1.0,1190.0,0.4555,0.081,0.0204
MBTO,Martina Berto Tbk.,2011-01-13,1070000000.0,Utama,Consumer Non-Cyclicals,138.0,147660000000.0,2021-11-01 09:00:00,2023-01-06 15:59:00,2020-04-16 09:00:00,2023-01-06 15:00:00,2011-01-13,2023-01-06,1.0,138.0,0.0662,0.3072,0.0006
MCAS,M Cash Integrasi Tbk.,2017-11-01,867933300.0,Pengembangan,Technology,7700.0,6683086410000.0,2021-11-01 09:00:00,2023-01-06 15:59:00,2020-04-16 09:00:00,2023-01-06 15:00:00,2017-11-01,2023-01-06,1.0,7700.0,0.4832,-0.125,0.0195
MCOL,Prima Andalan Mandiri Tbk.,2021-09-07,3555560000.0,Utama,Energy,6850.0,24355586000000.0,2021-11-01 09:00:00,2023-01-06 15:59:00,2021-09-07 09:00:00,2023-01-06 15:00:00,2021-09-07,2023-01-06,1.0,6850.0,0.4619,0.0099,0.0074
MCOR,Bank China Construction Bank I,2007-07-03,37540533209.0,Utama,Financials,81.0,3040783189929.0,2021-11-01 09:00:00,2023-01-06 15:59:00,2020-04-16 09:00:00,2023-01-06 15:00:00,2007-07-03,2023-01-06,1.0,81.0,0.768,0.1542,0.0389
MDIA,Intermedia Capital Tbk.,2014-04-11,39215538400.0,Utama,Consumer Cyclicals,50.0,1960776920000.0,2021-11-01 09:00:00,2023-01-06 15:59:00,2020-04-16 09:00:00,2023-01-06 15:00:00,2014-04-11,2023-01-06,1.0,50.0,0.249,-0.2753,0.0052
MDKA,Merdeka Copper Gold Tbk.,2015-06-19,22904850815.0,Pengembangan,Basic Materials,4290.0,98261809996350.0,2021-11-01 09:00:00,2023-01-06 15:59:00,2020-04-16 09:00:00,2023-01-06 15:00:00,2015-06-19,2023-01-06,1.0,4290.0,0.3797,0.2742,0.0451
MDKI,Emdeki Utama Tbk.,2017-09-25,2530150002.0,Utama,Basic Materials,183.0,463017450366.0,2021-11-01 09:00:00,2023-01-06 15:59:00,2020-04-16 09:00:00,2023-01-06 15:00:00,2017-09-25,2023-01-06,1.0,183.0,0.1721,0.0534,0.0127
MDLN,Modernland Realty Tbk.,1993-01-18,12533067322.0,Utama,Properties & Real Estate,77.0,965046183794.0,2021-12-20 09:00:00,2023-01-06 15:59:00,2020-04-16 09:00:00,2023-01-06 15:00:00,2001-04-16,2023-01-06,1.0,77.0,0.5738,-0.2133,0.073
MDRN,Modern Internasional Tbk.,1991-07-16,7632167798.0,Utama,Industrials,50.0,381608389900.0,2021-11-01 09:00:00,2023-01-06 15:59:00,2020-04-16 09:00:00,2023-01-06 15:00:00,2001-04-16,2023-01-06,1.0,50.0,0.5638,-0.1798,0.0115
MEDC,Medco Energi Internasional Tbk,1994-10-12,25136231252.0,Utama,Energy,1035.0,26015999345820.0,2021-11-01 09:00:00,2023-01-06 15:59:00,2020-04-16 09:00:00,2023-01-06 15:00:00,2001-04-16,2023-01-06,1.0,1035.0,0.5669,0.4321,0.0191
MEDS,Hetzer Medical Indonesia Tbk.,2022-08-10,1562500000.0,Pengembangan,Healthcare,131.0,204687500000.0,2022-08-10 09:00:00,2023-01-06 15:59:00,2022-08-10 09:00:00,2023-01-06 15:00:00,2022-08-10,2023-01-06,1.0,131.0,0.7854,0.3383,0.0358
MEGA,Bank Mega Tbk.,2000-04-17,11623514905.0,Utama,Financials,5525.0,64219919850125.0,2021-11-01 09:00:00,2023-01-06 15:59:00,2020-04-16 09:00:00,2023-01-06 15:00:00,2001-04-16,2023-01-06,1.0,5525.0,0.7115,0.3698,0.0354
MERK,Merck Tbk.,1981-07-23,448000000.0,Pengembangan,Healthcare,4700.0,2105600000000.0,2021-11-01 09:00:00,2023-01-06 15:59:00,2020-04-16 09:00:00,2023-01-06 15:00:00,2001-04-16,2023-01-06,1.0,4700.0,0.2256,-0.2093,0.0294
META,Nusantara Infrastructure Tbk.,2001-07-18,17710708194.0,Utama,Infrastructures,119.0,2107574275086.0,2021-11-01 09:00:00,2023-01-06 15:59:00,2020-04-16 09:00:00,2023-01-06 15:00:00,2001-07-18,2023-01-06,1.0,119.0,0.1929,0.2251,0.0265
MFIN,Mandala Multifinance Tbk.,2005-09-06,2650000000.0,Pengembangan,Financials,1645.0,4359250000000.0,2021-11-01 09:00:00,2023-01-06 15:59:00,2020-04-16 09:00:00,2023-01-06 15:00:00,2005-09-06,2023-01-06,1.0,1645.0,0.5306,-0.0988,0.0631
MFMI,Multifiling Mitra Indonesia Tb,2010-12-29,757581000.0,Pengembangan,Industrials,795.0,602276895000.0,2021-11-01 09:00:00,2023-01-06 15:59:00,2020-04-16 09:00:00,2023-01-06 15:00:00,2010-12-29,2023-01-06,1.0,795.0,0.2237,0.1628,0.0424
MGLV,Panca Anugrah Wisesa Tbk.,2021-06-08,1904207270.0,Akselerasi,Consumer Cyclicals,58.0,110444021660.0,2021-11-01 09:00:00,2023-01-06 15:59:00,2021-06-08 09:00:00,2023-01-06 15:00:00,2021-06-08,2023-01-06,1.0,58.0,0.4592,-0.0632,0.0171
MGNA,Magna Investama Mandiri Tbk.,2014-07-08,1003080977.0,Pengembangan,Financials,50.0,50154048850.0,,,,,2014-07-08,2023-01-06,1.0,50.0,0.3635,-0.2636,0.0132
MGRO,Mahkota Group Tbk.,2018-07-12,3554445700.0,Utama,Consumer Non-Cyclicals,790.0,2808012103000.0,2021-11-01 09:00:00,2023-01-06 15:59:00,2020-04-16 09:00:00,2023-01-06 15:00:00,2018-07-12,2023-01-06,1.0,790.0,0.7168,-0.0033,0.0404
MICE,Multi Indocitra Tbk.,2005-12-21,600000000.0,Pengembangan,Consumer Cyclicals,496.0,297600000000.0,2021-11-01 09:00:00,2023-01-06 15:59:00,2020-04-16 09:00:00,2023-01-06 15:00:00,2005-12-21,2023-01-06,1.0,496.0,0.1839,-0.1652,0.0432
MIDI,Midi Utama Indonesia Tbk.,2010-11-30,2882353000.0,Pengembangan,Consumer Non-Cyclicals,2910.0,8387647230000.0,2021-11-01 09:00:00,2023-01-06 15:59:00,2020-04-16 09:00:00,2023-01-06 15:00:00,2010-11-30,2023-01-06,1.0,2910.0,0.7264,-0.0271,0.0707
MIKA,Mitra Keluarga Karyasehat Tbk.,2015-03-24,14246349500.0,Utama,Healthcare,2850.0,40602096075000.0,2021-11-01 09:00:00,2023-01-06 15:59:00,2020-04-16 09:00:00,2023-01-06 15:00:00,2015-03-24,2023-01-06,1.0,2850.0,0.7515,0.3349,0.0244
MINA,Sanurhasta Mitra Tbk.,2017-04-28,6562500000.0,Pengembangan,Consumer Cyclicals,77.0,505312500000.0,2021-11-01 09:00:00,2023-01-06 15:59:00,2020-04-16 09:00:00,2023-01-06 15:00:00,2017-04-28,2023-01-06,1.0,77.0,0.496,-0.1933,0.0386
MIRA,Mitra International Resources ,1997-01-30,3961452039.0,Pengembangan,Transportation & Logistic,50.0,198072601950.0,2021-11-01 09:00:00,2023-01-06 15:59:00,2020-04-16 09:00:00,2023-01-06 15:00:00,2001-04-16,2023-01-06,1.0,50.0,0.2321,-0.2016,0.0491
MITI,Mitra Investindo Tbk.,1997-07-16,2442988366.0,Pengembangan,Energy,159.0,388435150194.0,2021-11-01 09:00:00,2023-01-06 15:59:00,2020-04-16 09:00:00,2023-01-06 15:00:00,2001-04-16,2023-01-06,1.0,159.0,0.6813,0.374,0.0237
MKNT,Mitra Komunikasi Nusantara Tbk,2015-10-26,5500000000.0,Pengembangan,Consumer Cyclicals,50.0,275000000000.0,2021-11-01 09:00:00,2022-12-30 15:59:00,2020-04-16 09:00:00,2022-12-30 15:00:00,2015-10-26,2023-01-06,1.0,50.0,0.4624,-0.1082,0.0692
MKPI,Metropolitan Kentjana Tbk.,2009-07-10,948194000.0,Pengembangan,Properties & Real Estate,37850.0,35889142900000.0,2022-01-17 09:00:00,2023-01-06 15:59:00,2020-04-16 09:00:00,2023-01-06 15:00:00,2009-07-10,2023-01-06,1.0,37850.0,0.1295,-0.0858,0.0451
MKTR,Menthobi Karyatama Raya Tbk.,2022-11-08 00:00:00,12000000000.0,Pengembangan,Consumer Non-Cyclicals,125.0,1500000000000.0,2022-11-08 09:00:00,2023-01-06 15:59:00,2022-11-08 09:00:00,2023-01-06 15:00:00,2022-11-09,2023-01-06,1.0,125.0,0.5605,-0.0478,0.0607
MLBI,Multi Bintang Indonesia Tbk.,1981-12-15,2107000000.0,Utama,Consumer Non-Cyclicals,8950.0,18857650000000.0,2021-11-01 09:00:00,2023-01-06 15:59:00,2020-04-16 09:00:00,2023-01-06 15:00:00,2001-04-16,2023-01-06,1.0,8950.0,0.0619,0.4099,0.0297
MLIA,Mulia Industrindo Tbk,1994-01-17,1323000000.0,Pengembangan,Industrials,520.0,687960000000.0,2021-11-01 09:00:00,2023-01-06 15:59:00,2020-04-16 09:00:00,2023-01-06 15:00:00,2001-04-16,2023-01-06,1.0,520.0,0.3512,0.1621,0.0451
MLPL,Multipolar Tbk.,1989-11-06,15682323987.0,Utama,Industrials,112.0,1756420286544.0,2021-11-01 09:00:00,2023-01-06 15:59:00,2020-04-16 09:00:00,2023-01-06 15:00:00,2001-04-16,2023-01-06,1.0,112.0,0.135,-0.0965,0.0315
MLPT,Multipolar Technology Tbk.,2013-07-08,1875000000.0,Utama,Technology,1985.0,3721875000000.0,2021-11-01 09:00:00,2023-01-06 15:59:00,2020-04-16 09:00:00,2023-01-06 15:00:00,2013-07-08,2023-01-06,1.0,1985.0,0.8057,0.3809,0.0502
MMIX,Multi Medika Internasional Tbk,2022-12-06 00:00:00,2400000000.0,Pengembangan,Healthcare,318.0,763200000000.0,2022-12-06 09:00:00,2023-01-06 15:59:00,2022-12-06 09:00:00,2023-01-06 15:00:00,2022-12-06,2023-01-06,1.0,318.0,0.389,0.1652,0.0739
MMLP,Mega Manunggal Property Tbk.,2015-06-12,6889134608.0,Pengembangan,Properties & Real Estate,474.0,3265449804192.0,2021-11-01 09:00:00,2023-01-06 15:59:00,2020-04-16 09:00:00,2023-01-06 15:00:00,2015-06-12,2023-01-06,1.0,474.0,0.7088,0.273,0.0351
MNCN,Media Nusantara Citra Tbk.,2007-06-22,15049787710.0,Utama,Consumer Cyclicals,725.0,10911096089750.0,2021-11-01 09:00:00,2023-01-06 15:59:00,2020-04-16 09:00:00,2023-01-06 15:00:00,2007-06-22,2023-01-06,1.0,725.0,0.3442,0.0429,0.0297
MOLI,Madusari Murni Indah Tbk.,2018-08-30,2724036581.0,Pengembangan,Basic Materials,214.0,582943828334.0,2021-11-01 09:00:00,2023-01-06 15:59:00,2020-04-16 09:00:00,2023-01-06 15:00:00,2018-08-30,2023-01-06,1.0,214.0,0.6205,-0.2779,0.0233
MORA,Mora Telematika Indonesia Tbk.,2022-08-08,23646668691.0,Utama,Infrastructures,496.0,11728747670736.0,2022-08-08 09:00:00,2023-01-06 15:59:00,2022-08-08 09:00:00,2023-01-06 15:00:00,2022-08-08,2023-01-06,1.0,496.0,0.6368,0.1194,0.014
MPMX,Mitra Pinasthika Mustika Tbk.,2013-05-29,4462963276.0,Utama,Consumer Cyclicals,1170.0,5221667032920.0,2021-11-01 09:00:00,2023-01-06 15:59:00,2020-04-16 09:00:00,2023-01-06 15:00:00,2013-05-29,2023-01-06,1.0,1170.0,0.3259,0.3882,0.0369
MPOW,Megapower Makmur Tbk.,2017-07-05,816997053.0,Pengembangan,Infrastructures,81.0,66176761293.0,2021-11-01 09:00:00,2023-01-06 15:59:00,2020-04-16 09:00:00,2023-01-06 15:00:00,2017-07-05,2023-01-06,1.0,81.0,0.6798,-0.0345,0.0674
MPPA,Matahari Putra Prima Tbk.,1992-12-21,8477734948.0,Utama,Consumer Non-Cyclicals,123.0,1042761398604.0,2021-11-01 09:00:00,2023-01-06 15:59:00,2020-04-16 09:00:00,2023-01-06 15:00:00,2001-04-16,2023-01-06,1.0,123.0,0.7162,0.2575,0.0013
MPRO,Maha Properti Indonesia Tbk.,2018-10-09,9942500000.0,Pengembangan,Properties & Real Estate,1500.0,14913750000000.0,2021-11-01 09:00:00,2023-01-06 15:59:00,2020-04-16 09:00:00,2023-01-06 15:00:00,2018-10-09,2023-01-06,1.0,1500.0,0.1169,0.4853,0.0466
MRAT,Mustika Ratu Tbk.,1995-07-27,428000000.0,Utama,Consumer Non-Cyclicals,655.0,280340000000.0,2021-11-01 09:00:00,2023-01-06 15:59:00,2020-04-16 09:00:00,2023-01-06 15:00:00,2001-04-16,2023-01-06,1.0,655.0,0.5094,0.3773,0.0291
MREI,Maskapai Reasuransi Indonesia ,1989-09-04,517791681.0,Pengembangan,Financials,4700.0,2433620900700.0,2021-11-01 09:00:00,2023-01-06 15:59:00,2020-04-16 09:00:00,2023-01-06 15:00:00,2001-04-16,2023-01-06,1.0,4700.0,0.3902,-0.1935,0.0707
MSIN,MNC Digital Entertainment Tbk.,2018-06-08,11444400000.0,Utama,Consumer Cyclicals,4810.0,55047564000000.0,2021-11-01 09:00:00,2023-01-06 15:59:00,2020-04-16 09:00:00,2023-01-06 15:00:00,2018-06-08,2023-01-06,1.0,4810.0,0.5287,0.1627,0.0521
MSKY,MNC Sky Vision Tbk.,2012-07-09,1994370480.0,Utama,Consumer Cyclicals,216.0,430784023680.0,2021-11-01 09:00:00,2023-01-06 15:59:00,2020-04-16 09:00:00,2023-01-06 15:00:00,2012-07-09,2023-01-06,1.0,216.0,0.5931,0.0905,0.0745
MTDL,Metrodata Electronics Tbk.,1990-04-09,12276884585.0,Utama,Technology,545.0,6690902098825.0,2021-11-01 09:00:00,2023-01-06 15:59:00,2020-04-16 09:00:00,2023-01-06 15:00:00,2001-04-16,2023-01-06,1.0,545.0,0.4274,-0.0184,0.0137
MTEL,Dayamitra Telekomunikasi Tbk.,2021-11-22,83515452844.0,Utama,Infrastructures,705.0,58878394255020.0,2021-11-22 09:00:00,2023-01-06 15:59:00,2021-11-22 09:00:00,2023-01-06 15:00:00,2021-11-22,2023-01-06,1.0,705.0,0.6503,-0.1858,0.0499
MTFN,Capitalinc Investment Tbk.,1990-04-16,31842082852.0,Pengembangan,Energy,50.0,1592104142600.0,2021-11-01 09:00:00,2022-12-30 15:59:00,2020-04-16 09:00:00,2023-01-06 15:00:00,2001-04-16,2023-01-06,1.0,50.0,0.2611,0.108,0.0378
MTLA,Metropolitan Land Tbk.,2011-06-20,7655126330.0,Utama,Properties & Real Estate,376.0,2878327500080.0,2021-11-01 09:00:00,2023-01-06 15:59:00,2020-04-16 09:00:00,2023-01-06 15:00:00,2011-06-20,2023-01-06,1.0,376.0,0.458,0.4499,0.0728
MTMH,Murni Sadar Tbk.,2022-04-20,2068526950.0,Utama,Healthcare,1400.0,2895937730000.0,2022-04-20 09:00:00,2023-01-06 15:59:00,2022-04-20 09:00:00,2023-01-06 15:00:00,2022-04-20,2023-01-06,1.0,1400.0,0.7805,-0.2801,0.0076
MTPS,Meta Epsi Tbk.,2019-04-10,2084850829.0,Pengembangan,Infrastructures,85.0,177212320465.0,2021-11-01 09:00:00,2023-01-06 15:59:00,2020-04-16 09:00:00,2023-01-06 15:00:00,2019-04-10,2023-01-06,1.0,85.0,0.7569,0.3227,0.0084
MTRA,Mitra Pemuda Tbk.,2016-02-10,770000000.0,Pengembangan,Infrastructures,244.0,187880000000.0,,,,,2016-02-10,2023-01-06,1.0,244.0,0.6476,-0.148,0.0412
MTSM,Metro Realty Tbk.,1992-01-08,232848000.0,Pengembangan,Properties & Real Estate,162.0,37721376000.0,2021-11-01 09:00:00,2023-01-06 15:59:00,2020-04-16 09:00:00,2023-01-06 15:00:00,2001-04-16,2023-01-06,1.0,162.0,0.7979,0.1669,0.0639
MTWI,Malacca Trust Wuwungan Insuran,2017-10-12,1525819116.0,Pengembangan,Financials,97.0,148004454252.0,2021-11-01 09:00:00,2023-01-06 15:59:00,2020-04-16 09:00:00,2023-01-06 15:00:00,2017-10-12,2023-01-06,1.0,97.0,0.222,0.4559,0.0745
MYOH,Samindo Resources Tbk.,2000-07-27,2206312500.0,Utama,Energy,1580.0,3485973750000.0,2021-11-01 09:00:00,2023-01-06 15:59:00,2020-04-16 09:00:00,2023-01-06 15:00:00,2001-04-16,2023-01-06,1.0,1580.0,0.6253,-0.2278,0.0668
MYOR,Mayora Indah Tbk.,1990-07-04,22358699725.0,Utama,Consumer Non-Cyclicals,2460.0,55002401323500.0,2021-11-01 09:00:00,2023-01-06 15:59:00,2020-04-16 09:00:00,2023-01-06 15:00:00,2001-04-16,2023-01-06,1.0,2460.0,0.1949,0.4633,0.0609
MYRX,Hanson International Tbk.,1990-10-31,86703220792.0,Pengembangan,Properties & Real Estate,50.0,4335161039600.0,,,,,2001-04-16,2023-01-06,1.0,50.0,0.812,-0.1197,0.0682
MYTX,Asia Pacific Investama Tbk.,1989-10-10,7747281949.0,Utama,Consumer Cyclicals,52.0,402858661348.0,2021-11-01 09:00:00,2023-01-06 15:59:00,2020-04-16 09:00:00,2023-01-06 15:00:00,2001-04-16,2023-01-06,1.0,52.0,0.4174,-0.1848,0.0517
NANO,Nanotech Indonesia Global Tbk.,2022-03-10,4285000000.0,Akselerasi,Consumer Non-Cyclicals,27.0,115695000000.0,2022-03-10 09:00:00,2023-01-06 15:59:00,2022-03-10 09:00:00,2023-01-06 15:00:00,2022-03-10,2023-01-06,1.0,27.0,0.4375,0.2901,0.0252
NASA,Andalan Perkasa Abadi Tbk.,2017-08-07,11004929322.0,Pengembangan,Consumer Cyclicals,50.0,550246466100.0,2021-11-01 09:00:00,2023-01-06 15:59:00,2020-04-16 09:00:00,2023-01-06 15:00:00,2017-08-07,2023-01-06,1.0,50.0,0.823,-0.014,0.0017
NASI,Wahana Inti Makmur Tbk.,2021-12-13,807400000.0,Pengembangan,Consumer Non-Cyclicals,94.0,75895600000.0,2021-12-13 09:00:00,2023-01-06 15:59:00,2021-12-13 09:00:00,2023-01-06 15:00:00,2021-12-13,2023-01-06,1.0,94.0,0.2445,0.012,0.0599
NATO,Surya Permata Andalan Tbk.,2019-01-18,8001111504.0,Pengembangan,Consumer Cyclicals,484.0,3872537967936.0,2021-11-01 09:00:00,2023-01-06 15:59:00,2020-04-16 09:00:00,2023-01-06 15:00:00,2019-01-18,2023-01-06,1.0,484.0,0.5355,0.0555,0.03
NELY,Pelayaran Nelly Dwi Putri Tbk.,2012-10-11,2350000000.0,Pengembangan,Transportation & Logistic,296.0,695600000000.0,2021-11-01 09:00:00,2023-01-06 15:59:00,2020-04-16 09:00:00,2023-01-06 15:00:00,2012-10-11,2023-01-06,1.0,296.0,0.8331,0.0202,0.0363
NETV,Net Visi Media Tbk.,2022-01-26,23453177240.0,Pengembangan,Consumer Cyclicals,220.0,5159698992800.0,2022-01-26 09:00:00,2023-01-06 15:59:00,2022-01-26 09:00:00,2023-01-06 15:00:00,2022-01-26,2023-01-06,1.0,220.0,0.2546,0.2349,0.0064
NFCX,NFC Indonesia Tbk.,2018-07-12,666667500.0,Pengembangan,Technology,6675.0,4450005562500.0,2021-11-01 09:00:00,2023-01-06 15:59:00,2020-04-16 09:00:00,2023-01-06 15:00:00,2018-07-12,2023-01-06,1.0,6675.0,0.4773,-0.1623,0.0526
NICK,Charnic Capital Tbk.,2018-05-02,651150000.0,Pengembangan,Financials,167.0,108742050000.0,2021-11-01 09:00:00,2023-01-06 15:59:00,2020-04-16 09:00:00,2023-01-06 15:00:00,2018-05-02,2023-01-06,1.0,167.0,0.447,0.0847,0.0289
NICL,PAM Mineral Tbk.,2021-07-09,9662504494.0,Pengembangan,Basic Materials,180.0,1739250808920.0,2021-11-01 09:00:00,2023-01-06 15:59:00,2021-07-09 09:00:00,2023-01-06 15:00:00,2021-07-09,2023-01-06,1.0,180.0,0.481,0.0376,0.0424
NIKL,Pelat Timah Nusantara Tbk.,2009-12-14,2523350000.0,Utama,Basic Materials,630.0,1589710500000.0,2021-11-01 09:00:00,2023-01-06 15:59:00,2020-04-16 09:00:00,2023-01-06 15:00:00,2009-12-14,2023-01-06,1.0,630.0,0.2337,0.1083,0.0181
NINE,Techno9 Indonesia Tbk.,2022-12-05 00:00:00,2157000000.0,Akselerasi,Technology,42.0,90594000000.0,2022-12-05 09:00:00,2023-01-06 15:59:00,2022-12-05 09:00:00,2023-01-06 15:00:00,2022-12-05,2023-01-06,1.0,42.0,0.3551,-0.2158,0.0725
NIPS,Nipress Tbk.,1991-07-24,1635333332.0,Pengembangan,Consumer Cyclicals,,,,,,,,,,,0.3756,0.0855,0.0257
NIRO,City Retail Developments Tbk.,2012-09-13,22198871804.0,Pengembangan,Properties & Real Estate,142.0,3152239796168.0,2021-11-01 09:00:00,2023-01-06 15:59:00,2020-04-16 09:00:00,2023-01-06 15:00:00,2012-09-13,2023-01-06,1.0,142.0,0.2743,-0.0955,0.0599
NISP,Bank OCBC NISP Tbk.,1994-10-20,22715776032.0,Utama,Financials,730.0,16582516503360.0,2021-11-01 09:00:00,2023-01-06 15:59:00,2020-04-16 09:00:00,2023-01-06 15:00:00,2001-04-16,2023-01-06,1.0,730.0,0.3003,0.2784,0.0539
NOBU,Bank Nationalnobu Tbk.,2013-05-20,4556256627.0,Utama,Financials,545.0,2483159861715.0,2021-11-01 09:00:00,2023-01-06 15:59:00,2020-04-16 09:00:00,2023-01-06 15:00:00,2013-05-20,2023-01-06,1.0,545.0,0.3711,-0.1695,0.047
NPGF,Nusa Palapa Gemilang Tbk.,2021-04-14,3240235840.0,Utama,Basic Materials,50.0,162011792000.0,2021-11-01 09:00:00,2023-01-06 15:59:00,2021-04-14 09:00:00,2023-01-06 15:00:00,2021-04-14,2023-01-06,1.0,50.0,0.6844,0.148,0.0415
NRCA,Nusa Raya Cipta Tbk.,2013-06-27,2496258344.0,Utama,Infrastructures,294.0,733899953136.0,2021-11-01 09:00:00,2023-01-06 15:59:00,2020-04-16 09:00:00,2023-01-06 15:00:00,2013-06-27,2023-01-06,1.0,294.0,0.1286,-0.1865,0.0488
NTBK,Nusatama Berkah Tbk.,2022-02-09,2700000000.0,Pengembangan,Industrials,50.0,135000000000.0,2022-02-09 09:00:00,2023-01-06 15:59:00,2022-02-09 09:00:00,2023-01-06 15:00:00,2022-02-09,2023-01-06,1.0,50.0,0.2904,0.3877,0.072
NUSA,Sinergi Megah Internusa Tbk.,2018-07-12,7700000148.0,Pengembangan,Consumer Cyclicals,50.0,385000007400.0,,,2020-04-16 09:00:00,2022-04-15 16:00:00,2018-07-12,2023-01-06,1.0,50.0,0.2986,0.207,0.0693
NZIA,Nusantara Almazia Tbk.,2019-09-25,2197540705.0,Utama,Properties & Real Estate,262.0,575755664710.0,2021-11-01 09:00:00,2023-01-06 15:59:00,2020-04-16 09:00:00,2023-01-06 15:00:00,2019-09-25,2023-01-06,1.0,262.0,0.1555,-0.2684,0.0379
OASA,Protech Mitra Perkasa Tbk.,2016-07-18,358600000.0,Pengembangan,Infrastructures,730.0,261778000000.0,2021-11-01 09:00:00,2023-01-06 15:59:00,2020-04-16 09:00:00,2023-01-06 15:00:00,2016-07-18,2023-01-06,1.0,730.0,0.1968,0.3462,0.0124
OBMD,OBM Drilchem Tbk.,2021-12-08,732000000.0,Pengembangan,Basic Materials,177.0,129564000000.0,2021-12-08 09:00:00,2023-01-06 15:59:00,2021-12-08 09:00:00,2023-01-06 15:00:00,2021-12-08,2023-01-06,1.0,177.0,0.3886,0.2613,0.012
OCAP,Onix Capital Tbk.,2003-10-10,273200000.0,Pengembangan,Financials,159.0,43438800000.0,,,2020-04-16 09:00:00,2022-04-15 16:00:00,2003-10-10,2023-01-06,1.0,159.0,0.5729,0.4654,0.0364
OILS,Indo Oil Perkasa Tbk.,2021-09-06,454003386.0,Pengembangan,Consumer Non-Cyclicals,218.0,98972738148.0,2021-11-01 09:00:00,2023-01-06 15:59:00,2021-09-06 09:00:00,2023-01-06 15:00:00,2021-09-06,2023-01-06,1.0,218.0,0.0907,-0.2957,0.0038
OKAS,Ancora Indonesia Resources Tbk,2006-03-29,1765927777.0,Pengembangan,Basic Materials,101.0,178358705477.0,2021-11-01 09:00:00,2023-01-06 15:59:00,2020-04-16 09:00:00,2023-01-06 15:00:00,2006-03-29,2023-01-06,1.0,101.0,0.3869,0.3577,0.0084
OLIV,Oscar Mitra Sukses Sejahtera T,2022-05-17,1900000000.0,Akselerasi,Consumer Cyclicals,25.0,47500000000.0,2022-05-23 09:00:00,2023-01-06 15:59:00,2022-05-23 09:00:00,2023-01-06 15:00:00,2022-05-23,2023-01-06,1.0,25.0,0.4216,0.4769,0.032
OMED,Jayamas Medica Industri Tbk.,2022-11-08 00:00:00,27058850000.0,Utama,Healthcare,220.0,5952947000000.0,2022-11-08 09:00:00,2023-01-06 15:59:00,2022-11-08 09:00:00,2023-01-06 15:00:00,2022-11-09,2023-01-06,1.0,220.0,0.568,-0.2218,0.0785
OMRE,Indonesia Prima Property Tbk,1994-08-22,1745000000.0,Pengembangan,Properties & Real Estate,575.0,1003375000000.0,2021-11-01 09:00:00,2023-01-06 15:59:00,2020-04-16 09:00:00,2023-01-06 15:00:00,2001-04-16,2023-01-06,1.0,575.0,0.5851,0.1977,0.0782
OPMS,Optima Prima Metal Sinergi Tbk,2019-09-23,1000000000.0,Pengembangan,Basic Materials,84.0,84000000000.0,2021-11-01 09:00:00,2023-01-06 15:59:00,2020-04-16 09:00:00,2023-01-06 15:00:00,2019-09-23,2023-01-06,1.0,84.0,0.4051,0.2408,0.0476
PADA,Personel Alih Daya Tbk.,2022-12-08 00:00:00,3150000000.0,Pengembangan,Industrials,244.0,768600000000.0,2022-12-08 09:00:00,2023-01-06 15:59:00,2022-12-08 09:00:00,2023-01-06 15:00:00,2022-12-08,2023-01-06,1.0,244.0,0.6819,0.1344,0.0176
PADI,Minna Padi Investama Sekuritas,2012-01-09,11307246524.0,Utama,Financials,50.0,565362326200.0,2021-11-01 09:00:00,2023-01-06 15:59:00,2020-04-16 09:00:00,2023-01-06 15:00:00,2012-01-09,2023-01-06,1.0,50.0,0.3055,-0.0515,0.0005
PALM,Provident Agro Tbk.,2012-10-08,7119540356.0,Pengembangan,Consumer Non-Cyclicals,650.0,4627701231400.0,2021-11-01 09:00:00,2023-01-06 15:59:00,2020-04-16 09:00:00,2023-01-06 15:00:00,2012-10-08,2023-01-06,1.0,650.0,0.4306,0.4831,0.051
PAMG,Bima Sakti Pertiwi Tbk.,2019-07-05,3125000000.0,Utama,Properties & Real Estate,68.0,212500000000.0,2021-11-01 09:00:00,2023-01-06 15:59:00,2020-04-16 09:00:00,2023-01-06 15:00:00,2019-07-05,2023-01-06,1.0,68.0,0.2048,-0.2595,0.0528
PANI,Pratama Abadi Nusa Industri Tb,2018-09-18,410000000.0,Pengembangan,Consumer Non-Cyclicals,990.0,405900000000.0,2021-11-01 09:00:00,2023-01-06 15:59:00,2020-04-16 09:00:00,2023-01-06 15:00:00,2018-09-18,2023-01-06,1.0,990.0,0.2684,-0.0773,0.0701
PANR,Panorama Sentrawisata Tbk.,2001-09-18,1200000000.0,Utama,Consumer Cyclicals,535.0,642000000000.0,2021-11-01 09:00:00,2023-01-06 15:59:00,2020-04-16 09:00:00,2023-01-06 15:00:00,2001-09-18,2023-01-06,1.0,535.0,0.5396,-0.2463,0.0501
PANS,Panin Sekuritas Tbk.,2000-05-31,720000000.0,Utama,Financials,1825.0,1314000000000.0,2021-11-01 09:00:00,2023-01-06 15:59:00,2020-04-16 09:00:00,2023-01-06 15:00:00,2001-04-16,2023-01-06,1.0,1825.0,0.5394,0.2883,0.0435
PBID,Panca Budi Idaman Tbk.,2017-12-13,1875000000.0,Utama,Basic Materials,1575.0,2953125000000.0,2021-11-01 09:00:00,2023-01-06 15:59:00,2020-04-16 09:00:00,2023-01-06 15:00:00,2017-12-13,2023-01-06,1.0,1575.0,0.3872,-0.0841,0.027
PBRX,Pan Brothers Tbk.,1990-08-16,6478295611.0,Utama,Consumer Cyclicals,100.0,647829561100.0,2021-11-01 09:00:00,2023-01-06 15:59:00,2020-04-16 09:00:00,2023-01-06 15:00:00,2001-04-16,2023-01-06,1.0,100.0,0.445,-0.1789,0.0713
PBSA,Paramita Bangun Sarana Tbk.,2016-09-28,1500000000.0,Utama,Infrastructures,298.0,447000000000.0,2021-11-01 09:00:00,2023-01-06 15:59:00,2020-04-16 09:00:00,2023-01-06 15:00:00,2016-09-28,2023-01-06,1.0,298.0,0.6254,-0.208,0.0146
PCAR,Prima Cakrawala Abadi Tbk.,2017-12-29,1166666700.0,Pengembangan,Consumer Non-Cyclicals,81.0,94500002700.0,2021-11-01 09:00:00,2023-01-06 15:59:00,2020-04-16 09:00:00,2023-01-06 15:00:00,2017-12-29,2023-01-06,1.0,81.0,0.6212,0.4708,0.0723
PDES,Destinasi Tirta Nusantara Tbk,2008-07-08,715000000.0,Pengembangan,Consumer Cyclicals,306.0,218790000000.0,2021-11-01 09:00:00,2023-01-06 15:59:00,2020-04-16 09:00:00,2023-01-06 15:00:00,2008-07-08,2023-01-06,1.0,306.0,0.2131,0.3849,0.0476
PDPP,Primadaya Plastisindo Tbk.,2022-11-09 00:00:00,2500000000.0,Pengembangan,Basic Materials,202.0,505000000000.0,2022-11-09 09:00:00,2023-01-06 15:59:00,2022-11-09 09:00:00,2023-01-06 15:00:00,2022-11-10,2023-01-06,1.0,202.0,0.6612,0.4621,0.014
PEGE,Panca Global Kapital Tbk.,2005-06-24,2833417056.0,Pengembangan,Financials,434.0,1229703002304.0,2021-11-01 09:00:00,2023-01-06 15:59:00,2020-04-16 09:00:00,2023-01-06 15:00:00,2005-06-24,2023-01-06,1.0,434.0,0.0988,0.3566,0.0349
PEHA,Phapros Tbk.,2018-12-26,840000000.0,Utama,Healthcare,680.0,571200000000.0,2021-11-01 09:00:00,2023-01-06 15:59:00,2020-04-16 09:00:00,2023-01-06 15:00:00,2018-12-26,2023-01-06,1.0,680.0,0.2162,-0.2572,0.043
PGAS,Perusahaan Gas Negara Tbk.,2003-12-15,24241508196.0,Utama,Energy,1585.0,38422790490660.0,2021-11-01 09:00:00,2023-01-06 15:59:00,2020-04-16 09:00:00,2023-01-06 15:00:00,2003-12-15,2023-01-06,1.0,1585.0,0.2672,-0.2168,0.0207
PGJO,Tourindo Guide Indonesia Tbk.,2020-01-08,759859095.0,Akselerasi,Technology,76.0,57749291220.0,2021-11-01 09:00:00,2023-01-06 15:59:00,2020-04-16 09:00:00,2023-01-06 15:00:00,2020-01-08,2023-01-06,1.0,76.0,0.3616,0.2922,0.0385
PGLI,Pembangunan Graha Lestari Inda,2000-04-05,488000000.0,Pengembangan,Consumer Cyclicals,268.0,130784000000.0,2021-11-01 09:00:00,2023-01-06 15:59:00,2020-04-16 09:00:00,2023-01-06 15:00:00,2001-04-16,2023-01-06,1.0,268.0,0.6696,-0.2644,0.0509
PGUN,Pradiksi Gunatama Tbk.,2020-07-07,4998360000.0,Utama,Consumer Non-Cyclicals,950.0,4748442000000.0,2021-11-01 09:00:00,2023-01-06 15:59:00,2020-07-07 09:00:00,2023-01-06 15:00:00,2020-07-07,2023-01-06,1.0,950.0,0.0741,-0.2516,0.046
PICO,Pelangi Indah Canindo Tbk,1996-09-23,568375000.0,Pengembangan,Basic Materials,224.0,127316000000.0,2021-11-01 09:00:00,2023-01-06 15:59:00,2020-04-16 09:00:00,2023-01-06 15:00:00,2001-04-16,2023-01-06,1.0,224.0,0.5278,0.1866,0.0698
PJAA,Pembangunan Jaya Ancol Tbk.,2004-07-02,1599999996.0,Utama,Consumer Cyclicals,695.0,1111999997220.0,2021-11-01 09:00:00,2023-01-06 15:59:00,2020-04-16 09:00:00,2023-01-06 15:00:00,2004-07-02,2023-01-06,1.0,695.0,0.1247,0.2314,0.0197
PKPK,Perdana Karya Perkasa Tbk,2007-07-11,600000000.0,Pengembangan,Energy,280.0,168000000000.0,2021-11-01 09:00:00,2023-01-06 15:59:00,2020-04-16 09:00:00,2023-01-06 15:00:00,2007-07-11,2023-01-06,1.0,280.0,0.8178,0.3821,0.0516
PLAN,Planet Properindo Jaya Tbk.,2020-09-15,892863102.0,Akselerasi,Consumer Cyclicals,28.0,25000166856.0,2021-11-01 09:00:00,2023-01-06 15:59:00,2020-09-15 09:00:00,2023-01-06 15:00:00,2020-09-15,2023-01-06,1.0,28.0,0.2793,0.0131,0.0209
PLAS,Polaris Investama Tbk,2001-03-16,1184200000.0,Pengembangan,Financials,50.0,59210000000.0,2021-11-01 09:00:00,2023-01-06 21:30:00,2020-04-16 09:00:00,2023-01-06 21:30:00,2001-04-16,2023-01-06,1.0,50.0,0.4256,-0.0093,0.0669
PLIN,Plaza Indonesia Realty Tbk.,1992-06-15,3550000000.0,Utama,Properties & Real Estate,2250.0,7987500000000.0,2021-12-27 09:00:00,2023-01-06 15:59:00,2020-04-16 09:00:00,2023-01-06 15:00:00,2001-04-16,2023-01-06,1.0,2250.0,0.3582,-0.0877,0.0633
PMJS,Putra Mandiri Jembar Tbk.,2019-12-18,13755600000.0,Pengembangan,Consumer Cyclicals,156.0,2145873600000.0,2021-11-01 09:00:00,2023-01-06 15:59:00,2020-04-16 09:00:00,2023-01-06 15:00:00,2019-12-18,2023-01-06,1.0,156.0,0.6228,-0.1808,0.0208
PMMP,Panca Mitra Multiperdana Tbk.,2020-12-18,2353000000.0,Utama,Consumer Non-Cyclicals,370.0,870610000000.0,2021-11-01 09:00:00,2023-01-06 15:59:00,2020-12-18 09:00:00,2023-01-06 15:00:00,2020-12-18,2023-01-06,1.0,370.0,0.244,-0.1876,0.0433
PNBN,Bank Pan Indonesia Tbk,1982-12-29,23837645998.0,Utama,Financials,1255.0,29916245727490.0,2021-11-01 09:00:00,2023-01-06 15:59:00,2020-04-16 09:00:00,2023-01-06 15:00:00,2001-04-16,2023-01-06,1.0,1255.0,0.6283,-0.1247,0.0134
PNBS,Bank Panin Dubai Syariah Tbk.,2014-01-15,38425504906.0,Utama,Financials,64.0,2459232313984.0,2021-11-01 09:00:00,2023-01-06 15:59:00,2020-04-16 09:00:00,2023-01-06 15:00:00,2014-01-15,2023-01-06,1.0,64.0,0.4348,0.4023,0.0187
PNGO,Pinago Utama Tbk.,2020-08-31,781250000.0,Pengembangan,Basic Materials,1295.0,1011718750000.0,2021-11-01 09:00:00,2023-01-06 15:59:00,2020-08-31 09:00:00,2023-01-06 15:00:00,2020-08-31,2023-01-06,1.0,1295.0,0.7761,-0.2369,0.0392
PNIN,Paninvest Tbk.,1983-09-20,4068323920.0,Utama,Financials,1185.0,4820963845200.0,2021-11-01 09:00:00,2023-01-06 15:59:00,2020-04-16 09:00:00,2023-01-06 15:00:00,2001-04-16,2023-01-06,1.0,1185.0,0.2966,0.0271,0.0007
PNLF,Panin Financial Tbk.,1983-06-14,32022073293.0,Utama,Financials,310.0,9926842720830.0,2021-11-01 09:00:00,2023-01-06 15:59:00,2020-04-16 09:00:00,2023-01-06 15:00:00,2001-04-16,2023-01-06,1.0,310.0,0.8156,-0.151,0.0547
PNSE,Pudjiadi & Sons Tbk.,1990-05-01,797813496.0,Pengembangan,Consumer Cyclicals,418.0,333486041328.0,2021-11-01 09:00:00,2022-12-02 15:59:00,2020-04-16 09:00:00,2022-12-02 16:00:00,2001-04-16,2023-01-06,1.0,418.0,0.7624,-0.1195,0.0133
POLA,Pool Advista Finance Tbk.,2018-11-16,2729385000.0,Pengembangan,Financials,67.0,182868795000.0,2021-11-01 09:00:00,2023-01-06 15:59:00,2020-04-16 09:00:00,2023-01-06 15:00:00,2018-11-16,2023-01-06,1.0,67.0,0.1364,0.2897,0.0757
POLI,Pollux Hotels Group Tbk.,2019-01-10,2010526400.0,Pengembangan,Properties & Real Estate,790.0,1588315856000.0,2021-11-01 09:00:00,2023-01-06 15:59:00,2020-04-16 09:00:00,2023-01-06 15:00:00,2019-01-10,2023-01-06,1.0,790.0,0.3345,0.341,0.0619
POLL,Pollux Properties Indonesia Tb,2018-07-11,8318823600.0,Utama,Properties & Real Estate,202.0,1680402367200.0,2021-11-01 09:00:00,2023-01-06 15:59:00,2020-04-16 09:00:00,2023-01-06 15:00:00,2018-07-11,2023-01-06,1.0,202.0,0.681,0.3602,0.0635
POLU,Golden Flower Tbk.,2019-06-26,750000000.0,Pengembangan,Consumer Cyclicals,322.0,241500000000.0,2021-11-01 09:00:00,2023-01-06 15:59:00,2020-04-16 09:00:00,2023-01-06 15:00:00,2019-06-26,2023-01-06,1.0,322.0,0.5824,0.1238,0.0693
POLY,Asia Pacific Fibers Tbk,1991-03-12,2495753334.0,Pengembangan,Consumer Cyclicals,53.0,132274926702.0,2021-11-01 09:00:00,2023-01-06 15:59:00,2020-04-16 09:00:00,2023-01-06 15:00:00,2001-04-16,2023-01-06,1.0,53.0,0.3627,0.101,0.0171
POOL,Pool Advista Indonesia Tbk.,1991-05-20,2341366264.0,Pengembangan,Financials,50.0,117068313200.0,,,2020-04-16 09:00:00,2022-04-15 16:00:00,2001-04-16,2023-01-06,1.0,50.0,0.4644,0.053,0.0782
PORT,Nusantara Pelabuhan Handal Tbk,2017-03-16,2813941985.0,Pengembangan,Infrastructures,915.0,2574756916275.0,2021-11-01 09:00:00,2023-01-06 15:59:00,2020-04-16 09:00:00,2023-01-06 15:00:00,2017-03-16,2023-01-06,1.0,915.0,0.2415,-0.2202,0.0374
POSA,Bliss Properti Indonesia Tbk.,2019-05-10,8388870206.0,Pengembangan,Properties & Real Estate,50.0,419443510300.0,,,2020-04-16 09:00:00,2022-04-15 16:00:00,2019-05-10,2023-01-06,1.0,50.0,0.7323,0.1573,0.0426
POWR,Cikarang Listrindo Tbk.,2016-06-14,16087156000.0,Pengembangan,Infrastructures,655.0,10537087180000.0,2021-11-01 09:00:00,2023-01-06 15:59:00,2020-04-16 09:00:00,2023-01-06 15:00:00,2016-06-14,2023-01-06,1.0,655.0,0.48,0.3751,0.0411
PPGL,Prima Globalindo Logistik Tbk.,2020-07-20,750021441.0,Akselerasi,Transportation & Logistic,130.0,97502787330.0,2021-11-01 09:00:00,2023-01-06 15:59:00,2020-07-20 09:00:00,2023-01-06 15:00:00,2020-07-20,2023-01-06,1.0,130.0,0.665,0.2833,0.0197
PPRE,PP Presisi Tbk.,2017-11-24,10224271000.0,Utama,Infrastructures,120.0,1226912520000.0,2021-11-01 09:00:00,2023-01-06 15:59:00,2020-04-16 09:00:00,2023-01-06 15:00:00,2017-11-24,2023-01-06,1.0,120.0,0.6223,0.0406,0.0234
PPRO,PP Properti Tbk.,2015-05-19,61675671883.0,Utama,Properties & Real Estate,50.0,3083783594150.0,2021-11-01 09:00:00,2023-01-06 15:59:00,2020-04-16 09:00:00,2023-01-06 15:00:00,2015-05-19,2023-01-06,1.0,50.0,0.2677,-0.1332,0.073
PRAS,Prima Alloy Steel Universal Tb,1990-07-12,701043478.0,Utama,Consumer Cyclicals,130.0,91135652140.0,2021-11-01 09:00:00,2023-01-06 15:59:00,2020-04-16 09:00:00,2023-01-06 15:00:00,2001-04-16,2023-01-06,1.0,130.0,0.3803,0.4598,0.0121
PRAY,Famon Awal Bros Sedaya Tbk.,2022-11-08 00:00:00,13959422300.0,Utama,Healthcare,740.0,10329972502000.0,2022-11-08 09:00:00,2023-01-06 15:59:00,2022-11-08 09:00:00,2023-01-06 15:00:00,2022-11-09,2023-01-06,1.0,740.0,0.5586,-0.0452,0.0621
PRDA,Prodia Widyahusada Tbk.,2016-12-07,937500000.0,Utama,Healthcare,5375.0,5039062500000.0,2021-11-01 09:00:00,2023-01-06 15:59:00,2020-04-16 09:00:00,2023-01-06 15:00:00,2016-12-07,2023-01-06,1.0,5375.0,0.1716,0.0309,0.054
PRIM,Royal Prima Tbk.,2018-05-15,3393434905.0,Pengembangan,Healthcare,177.0,600637978185.0,2021-11-01 09:00:00,2023-01-06 15:59:00,2020-04-16 09:00:00,2023-01-06 15:00:00,2018-05-15,2023-01-06,1.0,177.0,0.5336,0.2257,0.037
PSAB,J Resources Asia Pasifik Tbk.,2003-04-22,26460000000.0,Pengembangan,Basic Materials,112.0,2963520000000.0,2021-11-01 09:00:00,2023-01-06 15:59:00,2020-04-16 09:00:00,2023-01-06 15:00:00,2003-04-22,2023-01-06,1.0,112.0,0.6972,0.1778,0.0409
PSDN,Prasidha Aneka Niaga Tbk,1994-10-18,1440000000.0,Pengembangan,Consumer Non-Cyclicals,80.0,115200000000.0,2021-11-01 09:00:00,2023-01-06 15:59:00,2020-04-16 09:00:00,2023-01-06 15:00:00,2001-04-16,2023-01-06,1.0,80.0,0.6797,-0.131,0.0754
PSGO,Palma Serasih Tbk.,2019-11-25,18850000000.0,Pengembangan,Consumer Non-Cyclicals,156.0,2940600000000.0,2021-11-01 09:00:00,2023-01-06 15:59:00,2020-04-16 09:00:00,2023-01-06 15:00:00,2019-11-25,2023-01-06,1.0,156.0,0.5508,0.3445,0.043
PSKT,Red Planet Indonesia Tbk.,1995-09-19,10351231636.0,Pengembangan,Consumer Cyclicals,65.0,672830056340.0,2021-11-01 09:00:00,2023-01-06 15:59:00,2020-04-16 09:00:00,2023-01-06 15:00:00,2001-04-16,2023-01-06,1.0,65.0,0.5249,-0.2884,0.0114
PSSI,Pelita Samudera Shipping Tbk.,2017-12-05,5417063153.0,Utama,Energy,595.0,3223152576035.0,2021-11-01 09:00:00,2023-01-06 15:59:00,2020-04-16 09:00:00,2023-01-06 15:00:00,2017-12-05,2023-01-06,1.0,595.0,0.0917,0.4547,0.0171
PTBA,Bukit Asam Tbk.,2002-12-23,11520659250.0,Utama,Energy,3430.0,39515861227500.0,2021-11-01 09:00:00,2023-01-06 15:59:00,2020-04-16 09:00:00,2023-01-06 15:00:00,2002-12-23,2023-01-06,1.0,3430.0,0.4905,0.2665,0.032
PTDU,Djasa Ubersakti Tbk.,2020-12-08,1500000000.0,Pengembangan,Infrastructures,54.0,81000000000.0,2021-11-01 09:00:00,2023-01-06 15:59:00,2020-12-08 09:00:00,2023-01-06 15:00:00,2020-12-08,2023-01-06,1.0,54.0,0.114,-0.0911,0.0215
PTIS,Indo Straits Tbk.,2011-07-12,550165300.0,Utama,Energy,540.0,297089262000.0,2021-11-01 09:00:00,2023-01-06 15:59:00,2020-04-16 09:00:00,2023-01-06 15:00:00,2011-07-12,2023-01-06,1.0,540.0,0.7174,0.2373,0.0767
PTPP,PP (Persero) Tbk.,2010-02-09,6199897354.0,Utama,Infrastructures,695.0,4308928661030.0,2021-11-01 09:00:00,2023-01-06 15:59:00,2020-04-16 09:00:00,2023-01-06 15:00:00,2010-02-09,2023-01-06,1.0,695.0,0.5218,-0.1101,0.0262
PTPW,Pratama Widya Tbk.,2020-02-07,878187500.0,Pengembangan,Infrastructures,875.0,768414062500.0,2021-11-01 09:00:00,2023-01-06 15:59:00,2020-04-16 09:00:00,2023-01-06 15:00:00,2020-02-07,2023-01-06,1.0,875.0,0.1864,0.3057,0.0597
PTRO,Petrosea Tbk.,1990-05-21,1008605000.0,Utama,Energy,4190.0,4226054950000.0,2021-11-01 09:00:00,2023-01-06 15:59:00,2020-04-16 09:00:00,2023-01-06 15:00:00,2001-04-16,2023-01-06,1.0,4190.0,0.3503,0.1575,0.079
PTSN,Sat Nusapersada Tbk,2007-11-08,5314344000.0,Utama,Technology,187.0,993782328000.0,2021-11-01 09:00:00,2023-01-06 15:59:00,2020-04-16 09:00:00,2023-01-06 15:00:00,2007-11-08,2023-01-06,1.0,187.0,0.6001,0.0169,0.0567
PTSP,Pioneerindo Gourmet Internatio,1994-05-30,220808000.0,Pengembangan,Consumer Cyclicals,3400.0,750747200000.0,2021-11-01 09:00:00,2023-01-06 15:59:00,2020-04-16 09:00:00,2023-01-06 15:00:00,2001-04-16,2023-01-06,1.0,3400.0,0.7805,0.2156,0.0457
PUDP,Pudjiadi Prestige Tbk.,1994-11-18,329560000.0,Utama,Properties & Real Estate,352.0,116005120000.0,2021-11-01 09:00:00,2022-12-30 15:59:00,2020-04-16 09:00:00,2022-12-30 15:00:00,2001-04-16,2023-01-06,1.0,352.0,0.2917,-0.2159,0.076
PURA,Putra Rajawali Kencana Tbk.,2020-01-22,5946264082.0,Pengembangan,Transportation & Logistic,50.0,297313204100.0,2021-11-01 09:00:00,2023-01-06 15:59:00,2020-04-16 09:00:00,2023-01-06 15:00:00,2020-01-22,2023-01-06,1.0,50.0,0.1611,0.0224,0.0074
PURE,Trinitan Metals and Minerals T,2019-10-09,1375181505.0,Utama,Basic Materials,51.0,70134256755.0,2021-11-01 09:00:00,2022-07-29 15:59:00,2020-04-16 09:00:00,2022-07-29 16:00:00,2019-10-09,2023-01-06,1.0,51.0,0.7981,-0.275,0.0428
PURI,Puri Global Sukses Tbk.,2020-09-08,1000000000.0,Pengembangan,Properties & Real Estate,238.0,238000000000.0,2021-11-01 09:00:00,2023-01-06 15:59:00,2020-09-08 09:00:00,2023-01-06 15:00:00,2020-09-08,2023-01-06,1.0,238.0,0.7464,-0.2704,0.0507
PWON,Pakuwon Jati Tbk.,1989-10-09,48159602400.0,Utama,Properties & Real Estate,448.0,21575501875200.0,2021-11-01 09:00:00,2023-01-06 15:59:00,2020-04-16 09:00:00,2023-01-06 15:00:00,2001-04-16,2023-01-06,1.0,448.0,0.6017,0.2059,0.037
PYFA,Pyridam Farma Tbk,2001-10-16,535080000.0,Pengembangan,Healthcare,855.0,457493400000.0,2021-11-01 09:00:00,2023-01-06 15:59:00,2020-04-16 09:00:00,2023-01-06 15:00:00,2001-10-16,2023-01-06,1.0,855.0,0.2272,-0.296,0.0397
PZZA,Sarimelati Kencana Tbk.,2018-05-23,3021875000.0,Utama,Consumer Cyclicals,530.0,1601593750000.0,2021-11-01 09:00:00,2023-01-06 15:59:00,2020-04-16 09:00:00,2023-01-06 15:00:00,2018-05-23,2023-01-06,1.0,530.0,0.4321,-0.062,0.0468
RAFI,Sari Kreasi Boga Tbk.,2022-08-05,3128090000.0,Pengembangan,Consumer Cyclicals,124.0,387883160000.0,2022-08-05 09:00:00,2023-01-06 15:59:00,2022-08-05 09:00:00,2023-01-06 15:00:00,2022-08-05,2023-01-06,1.0,124.0,0.0734,0.1647,0.0413
RAJA,Rukun Raharja Tbk.,2006-04-19,4227082500.0,Utama,Energy,1035.0,4375030387500.0,2021-11-01 09:00:00,2023-01-06 15:59:00,2020-04-16 09:00:00,2023-01-06 15:00:00,2006-04-19,2023-01-06,1.0,1035.0,0.7622,0.2424,0.0385
RALS,Ramayana Lestari Sentosa Tbk.,1996-07-24,7096000000.0,Utama,Consumer Cyclicals,640.0,4541440000000.0,2021-11-01 09:00:00,2023-01-06 15:59:00,2020-04-16 09:00:00,2023-01-06 15:00:00,2022-04-18,2023-01-06,1.0,640.0,0.3351,0.274,0.0718
RANC,Supra Boga Lestari Tbk.,2012-06-07,1564487500.0,Utama,Consumer Non-Cyclicals,795.0,1243767562500.0,2021-11-01 09:00:00,2023-01-06 15:59:00,2020-04-16 09:00:00,2023-01-06 15:00:00,2012-06-07,2023-01-06,1.0,795.0,0.2037,0.1118,0.0207
RBMS,Ristia Bintang Mahkotasejati T,1997-12-19,2656212826.0,Utama,Properties & Real Estate,50.0,132810641300.0,2021-11-01 09:00:00,2023-01-06 15:59:00,2020-04-16 09:00:00,2023-01-06 15:00:00,2001-04-16,2023-01-06,1.0,50.0,0.7094,0.2628,0.0729
RCCC,Utama Radar Cahaya Tbk.,2022-08-02,750000000.0,Akselerasi,Transportation & Logistic,130.0,97500000000.0,2022-08-02 09:00:00,2023-01-06 15:59:00,2022-08-02 09:00:00,2023-01-06 15:00:00,2022-08-02,2023-01-06,1.0,130.0,0.6344,0.4082,0.0297
RDTX,Roda Vivatex Tbk,1990-05-14,268800000.0,Utama,Properties & Real Estate,10000.0,2688000000000.0,2021-11-01 09:00:00,2023-01-06 15:59:00,2020-04-16 09:00:00,2023-01-06 15:00:00,2001-04-16,2023-01-06,1.0,10000.0,0.5779,0.3524,0.0405
REAL,Repower Asia Indonesia Tbk.,2019-12-06,6633610151.0,Pengembangan,Properties & Real Estate,50.0,331680507550.0,2021-11-01 09:00:00,2023-01-06 15:59:00,2020-04-16 09:00:00,2023-01-06 15:00:00,2019-12-06,2023-01-06,1.0,50.0,0.7477,0.4455,0.0743
RELI,Reliance Sekuritas Indonesia T,2005-07-13,1800000000.0,Utama,Financials,550.0,990000000000.0,2021-11-01 09:00:00,2023-01-06 15:59:00,2020-04-16 09:00:00,2023-01-06 15:00:00,2005-07-13,2023-01-06,1.0,550.0,0.0914,0.3987,0.029
RICY,Ricky Putra Globalindo Tbk,1998-01-22,641717510.0,Utama,Consumer Cyclicals,81.0,51979118310.0,2021-11-01 09:00:00,2023-01-06 15:59:00,2020-04-16 09:00:00,2023-01-06 15:00:00,2001-04-16,2023-01-06,1.0,81.0,0.6184,0.2871,0.0214
RIGS,Rig Tenders Indonesia Tbk.,1990-03-05,609130000.0,Pengembangan,Energy,494.0,300910220000.0,2021-11-01 09:00:00,2023-01-06 15:59:00,2020-04-16 09:00:00,2023-01-06 15:00:00,2001-04-16,2023-01-06,1.0,494.0,0.4481,0.2488,0.0242
RIMO,Rimo International Lestari Tbk,2000-11-10,45080600000.0,Pengembangan,Properties & Real Estate,50.0,2254030000000.0,,,,,2001-04-16,2023-01-06,1.0,50.0,0.4423,0.4193,0.0326
RISE,Jaya Sukses Makmur Sentosa Tbk,2018-07-09,10945000000.0,Pengembangan,Consumer Cyclicals,975.0,10671375000000.0,2021-11-01 09:00:00,2023-01-06 15:59:00,2020-04-16 09:00:00,2023-01-06 15:00:00,2018-07-09,2023-01-06,1.0,975.0,0.5888,0.2457,0.0033
RMBA,Bentoel Internasional Investam,1990-03-05,36401136250.0,Utama,Consumer Non-Cyclicals,306.0,11138747692500.0,,,2020-04-16 09:00:00,2022-04-15 16:00:00,2022-04-18,2023-01-06,1.0,306.0,0.4139,0.1977,0.0769
RMKE,RMK Energy Tbk.,2021-12-07,4375000000.0,Utama,Energy,930.0,4068750000000.0,2021-12-07 09:00:00,2023-01-06 15:59:00,2021-12-07 09:00:00,2023-01-06 15:00:00,2021-12-07,2023-01-06,1.0,930.0,0.1156,-0.07,0.0415
ROCK,Rockfields Properti Indonesia ,2020-09-10,1435185100.0,Pengembangan,Properties & Real Estate,294.0,421944419400.0,2021-11-01 09:00:00,2023-01-06 15:59:00,2020-09-10 09:00:00,2023-01-06 15:00:00,2020-09-10,2023-01-06,1.0,294.0,0.4832,0.3994,0.0267
RODA,Pikko Land Development Tbk.,2001-10-22,13592128209.0,Pengembangan,Properties & Real Estate,54.0,733974923286.0,2021-11-01 09:00:00,2023-01-06 15:59:00,2020-04-16 09:00:00,2023-01-06 15:00:00,2001-10-22,2023-01-06,1.0,54.0,0.6402,0.1358,0.0368
RONY,Aesler Grup Internasional Tbk.,2020-04-09,1250000000.0,Pengembangan,Infrastructures,800.0,1000000000000.0,2021-11-01 09:00:00,2021-12-31 15:59:00,2020-04-16 09:00:00,2022-04-15 16:00:00,2020-04-09,2023-01-06,1.0,800.0,0.6432,-0.1536,0.0342
ROTI,Nippon Indosari Corpindo Tbk.,2010-06-28,6186488888.0,Utama,Consumer Non-Cyclicals,1300.0,8042435554400.0,2021-11-01 09:00:00,2023-01-06 15:59:00,2020-04-16 09:00:00,2023-01-06 15:00:00,2022-04-18,2023-01-06,1.0,1300.0,0.0649,0.0765,0.0056
RSGK,Kedoya Adyaraya Tbk.,2021-09-08,929675000.0,Utama,Healthcare,1090.0,1013345750000.0,2021-11-01 09:00:00,2023-01-06 15:59:00,2021-09-08 09:00:00,2023-01-06 15:00:00,2021-09-08,2023-01-06,1.0,1090.0,0.8274,0.4323,0.0568
RUIS,Radiant Utama Interinsco Tbk.,2006-07-12,770000000.0,Pengembangan,Energy,308.0,237160000000.0,2021-11-01 09:00:00,2023-01-06 15:59:00,2020-04-16 09:00:00,2023-01-06 15:00:00,2022-04-18,2023-01-06,1.0,308.0,0.6663,-0.1416,0.0022
RUNS,Global Sukses Solusi Tbk.,2021-09-08,983557875.0,Akselerasi,Technology,162.0,159336375750.0,2021-11-01 09:00:00,2023-01-06 15:59:00,2021-09-08 09:00:00,2023-01-06 15:00:00,2021-09-08,2023-01-06,1.0,162.0,0.3305,0.2804,0.0388
SAFE,Steady Safe Tbk,1994-08-15,615145012.0,Pengembangan,Transportation & Logistic,220.0,135331902640.0,2021-11-01 09:00:00,2023-01-06 15:59:00,2020-04-16 09:00:00,2023-01-06 15:00:00,2001-04-16,2023-01-06,1.0,220.0,0.6441,0.3853,0.0471
SAME,Sarana Meditama Metropolitan T,2013-01-11,17113987263.0,Pengembangan,Healthcare,286.0,4894600357218.0,2021-11-01 09:00:00,2023-01-06 15:59:00,2020-04-16 09:00:00,2023-01-06 15:00:00,2013-01-11,2023-01-06,1.0,286.0,0.7831,-0.2548,0.0721
SAMF,Saraswanti Anugerah Makmur Tbk,2020-03-31,5125000000.0,Utama,Basic Materials,416.0,2132000000000.0,2021-11-01 09:00:00,2023-01-06 15:59:00,2020-04-16 09:00:00,2023-01-06 15:00:00,2020-03-31,2023-01-06,1.0,416.0,0.5022,0.1078,0.0576
SAPX,Satria Antaran Prima Tbk.,2018-10-03,833333300.0,Pengembangan,Transportation & Logistic,815.0,679166639500.0,2021-11-01 09:00:00,2023-01-06 15:59:00,2020-04-16 09:00:00,2023-01-06 15:00:00,2018-10-03,2023-01-06,1.0,815.0,0.4182,0.4683,0.001
SATU,Kota Satu Properti Tbk.,2018-11-05,1375000000.0,Pengembangan,Properties & Real Estate,69.0,94875000000.0,2021-11-01 09:00:00,2023-01-06 15:59:00,2020-04-16 09:00:00,2023-01-06 15:00:00,2018-11-05,2023-01-06,1.0,69.0,0.7754,-0.1766,0.0391
SBAT,Sejahtera Bintang Abadi Textil,2020-04-08,4752933307.0,Pengembangan,Consumer Cyclicals,50.0,237646665350.0,2021-11-01 09:00:00,2023-01-06 15:59:00,2020-04-16 09:00:00,2023-01-06 15:00:00,2020-04-08,2023-01-06,1.0,50.0,0.6535,0.4346,0.0779
SBMA,Surya Biru Murni Acetylene Tbk,2021-09-08,929483277.0,Pengembangan,Basic Materials,202.0,187755621954.0,2021-11-01 09:00:00,2023-01-06 15:59:00,2021-09-08 09:00:00,2023-01-06 15:00:00,2021-09-08,2023-01-06,1.0,202.0,0.2968,0.2257,0.065
SCCO,Supreme Cable Manufacturing & ,1982-07-20,205583400.0,Utama,Industrials,8425.0,1732040145000.0,2021-11-01 09:00:00,2023-01-06 15:59:00,2020-04-16 09:00:00,2023-01-06 15:00:00,2001-04-16,2023-01-06,1.0,8425.0,0.2697,0.2881,0.0245
SCMA,Surya Citra Media Tbk.,2002-07-16,73970569505.0,Utama,Consumer Cyclicals,206.0,15237937318030.0,2021-11-01 09:00:00,2023-01-06 15:59:00,2020-04-16 09:00:00,2023-01-06 15:00:00,2002-07-16,2023-01-06,1.0,206.0,0.4099,0.3722,0.0613
SCNP,Selaras Citra Nusantara Perkas,2020-09-07,2500000000.0,Pengembangan,Consumer Cyclicals,242.0,605000000000.0,2021-11-01 09:00:00,2023-01-06 15:59:00,2020-09-07 09:00:00,2023-01-06 15:00:00,2020-09-07,2023-01-06,1.0,242.0,0.2163,0.2289,0.0286
SCPI,Organon Pharma Indonesia Tbk.,1990-06-08,3600000.0,Pengembangan,Healthcare,29000.0,104400000000.0,2021-11-01 09:00:00,2023-01-06 21:30:00,2020-04-16 09:00:00,2023-01-06 21:30:00,2001-04-16,2023-01-06,1.0,29000.0,0.6104,0.1924,0.0366
SDMU,Sidomulyo Selaras Tbk.,2011-07-12,1135225000.0,Pengembangan,Transportation & Logistic,65.0,73789625000.0,2021-11-01 09:00:00,2023-01-06 15:59:00,2020-04-16 09:00:00,2023-01-06 15:00:00,2011-07-12,2023-01-06,1.0,65.0,0.8409,0.2866,0.0689
SDPC,Millennium Pharmacon Internati,1990-05-07,1274000000.0,Utama,Consumer Non-Cyclicals,258.0,328692000000.0,2021-11-01 09:00:00,2023-01-06 15:59:00,2020-04-16 09:00:00,2023-01-06 15:00:00,2001-04-16,2023-01-06,1.0,258.0,0.0548,0.2794,0.071
SDRA,Bank Woori Saudara Indonesia 1,2006-12-15,8482552020.0,Utama,Financials,565.0,4792641891300.0,2021-11-01 09:00:00,2023-01-06 15:59:00,2020-04-16 09:00:00,2023-01-06 15:00:00,2006-12-15,2023-01-06,1.0,565.0,0.4401,0.4,0.0513
SEMA,Semacom Integrated Tbk.,2022-01-10,1347000000.0,Pengembangan,Energy,147.0,198009000000.0,2022-01-10 09:00:00,2023-01-06 15:59:00,2022-01-10 09:00:00,2023-01-06 15:00:00,2022-01-10,2023-01-06,1.0,147.0,0.7315,0.0964,0.0532
SFAN,Surya Fajar Capital Tbk.,2019-06-19,1359934021.0,Pengembangan,Financials,1880.0,2556675959480.0,2021-11-01 09:00:00,2023-01-06 15:59:00,2020-04-16 09:00:00,2023-01-06 15:00:00,2019-06-19,2023-01-06,1.0,1880.0,0.7632,-0.2957,0.0328
SGER,Sumber Global Energy Tbk.,2020-08-10,1959427139.0,Pengembangan,Energy,605.0,1185453419095.0,2021-11-01 09:00:00,2023-01-06 15:59:00,2020-08-10 09:00:00,2023-01-06 15:00:00,2020-08-10,2023-01-06,1.0,605.0,0.6725,-0.2016,0.0569
SGRO,Sampoerna Agro Tbk.,2007-06-18,1818622000.0,Utama,Consumer Non-Cyclicals,2080.0,3782733760000.0,2021-11-01 09:00:00,2023-01-06 15:59:00,2020-04-16 09:00:00,2023-01-06 15:00:00,2007-06-18,2023-01-06,1.0,2080.0,0.6225,0.4439,0.0479
SHID,Hotel Sahid Jaya International,1990-05-08,1119326168.0,Pengembangan,Consumer Cyclicals,2440.0,2731155849920.0,2021-11-01 09:00:00,2023-01-06 15:59:00,2020-04-16 09:00:00,2023-01-06 15:00:00,2001-04-16,2023-01-06,1.0,2440.0,0.4088,0.0378,0.0042
SHIP,Sillo Maritime Perdana Tbk.,2016-06-16,2719790000.0,Pengembangan,Energy,920.0,2502206800000.0,2021-11-01 09:00:00,2023-01-06 15:59:00,2020-04-16 09:00:00,2023-01-06 15:00:00,2016-06-16,2023-01-06,1.0,920.0,0.6526,0.4318,0.039
SICO,Sigma Energy Compressindo Tbk.,2022-04-08,910000000.0,Pengembangan,Energy,146.0,132860000000.0,2022-04-08 09:00:00,2023-01-06 15:59:00,2022-04-08 09:00:00,2023-01-06 15:00:00,2022-04-08,2023-01-06,1.0,146.0,0.519,0.2069,0.0448
SIDO,Industri Jamu dan Farmasi Sido,2013-12-18,30000000000.0,Utama,Healthcare,745.0,22350000000000.0,2021-11-01 09:00:00,2023-01-06 15:59:00,2020-04-16 09:00:00,2023-01-06 15:00:00,2013-12-18,2023-01-06,1.0,745.0,0.6642,0.1807,0.0197
SILO,Siloam International Hospitals,2013-09-12,13006125000.0,Utama,Healthcare,1275.0,16582809375000.0,2021-11-01 09:00:00,2023-01-06 15:59:00,2020-04-16 09:00:00,2023-01-06 15:00:00,2013-09-12,2023-01-06,1.0,1275.0,0.6951,-0.029,0.0652
SIMA,Siwani Makmur Tbk,1994-06-03,442589871.0,Pengembangan,Basic Materials,50.0,22129493550.0,,,,,2001-04-16,2023-01-06,1.0,50.0,0.7035,0.1393,0.0187
SIMP,Salim Ivomas Pratama Tbk.,2011-06-09,15816310000.0,Utama,Consumer Non-Cyclicals,410.0,6484687100000.0,2021-11-01 09:00:00,2023-01-06 15:59:00,2020-04-16 09:00:00,2023-01-06 15:00:00,2011-06-09,2023-01-06,1.0,410.0,0.6597,-0.0544,0.0625
SINI,Singaraja Putra Tbk.,2019-11-08,471826150.0,Pengembangan,Industrials,1325.0,625169648750.0,2021-11-01 09:00:00,2023-01-06 15:59:00,2020-04-16 09:00:00,2023-01-06 15:00:00,2019-11-08,2023-01-06,1.0,1325.0,0.2161,-0.1322,0.0663
SIPD,Sreeya Sewu Indonesia Tbk.,1996-12-27,1339102579.0,Pengembangan,Consumer Non-Cyclicals,1400.0,1874743610600.0,2021-11-01 09:00:00,2023-01-06 15:59:00,2020-04-16 09:00:00,2023-01-06 15:00:00,2001-04-16,2023-01-06,1.0,1400.0,0.6637,0.4033,0.0285
SKBM,Sekar Bumi Tbk.,2012-09-28,1730103217.0,Pengembangan,Consumer Non-Cyclicals,372.0,643598396724.0,2021-11-01 09:00:00,2023-01-06 15:59:00,2020-04-16 09:00:00,2023-01-06 15:00:00,2012-09-28,2023-01-06,1.0,372.0,0.8168,-0.2252,0.0521
SKLT,Sekar Laut Tbk.,1993-09-08,690740500.0,Pengembangan,Consumer Non-Cyclicals,1950.0,1346943975000.0,2021-11-01 09:00:00,2023-01-06 15:59:00,2020-04-16 09:00:00,2023-01-06 15:00:00,2001-04-16,2023-01-06,1.0,1950.0,0.7239,0.2283,0.0694
SKRN,Superkrane Mitra Utama Tbk.,2018-10-11,1500000000.0,Pengembangan,Industrials,452.0,678000000000.0,2021-11-01 09:00:00,2023-01-06 15:59:00,2020-04-16 09:00:00,2023-01-06 15:00:00,2018-10-11,2023-01-06,1.0,452.0,0.0832,0.2421,0.0166
SKYB,Northcliff Citranusa Indonesia,2010-07-07,585000000.0,Pengembangan,Technology,51.0,29835000000.0,,,,,2010-07-07,2023-01-06,1.0,51.0,0.0969,0.0515,0.0148
SLIS,Gaya Abadi Sempurna Tbk.,2019-10-07,2000000000.0,Pengembangan,Consumer Cyclicals,270.0,540000000000.0,2021-11-01 09:00:00,2023-01-06 15:59:00,2020-04-16 09:00:00,2023-01-06 15:00:00,2019-10-07,2023-01-06,1.0,270.0,0.7616,0.4903,0.024
SMAR,Smart Tbk.,1992-11-20,2872193366.0,Pengembangan,Consumer Non-Cyclicals,4980.0,14303522962680.0,2021-11-01 09:00:00,2023-01-06 15:59:00,2020-04-16 09:00:00,2023-01-06 15:00:00,2001-04-16,2023-01-06,1.0,4980.0,0.5294,0.3867,0.0305
SMBR,Semen Baturaja (Persero) Tbk.,2013-06-28,9932534336.0,Utama,Basic Materials,388.0,3853823322368.0,2021-11-01 09:00:00,2023-01-06 15:59:00,2020-04-16 09:00:00,2023-01-06 15:00:00,2013-06-28,2023-01-06,1.0,388.0,0.4144,-0.2764,0.0739
SMCB,Solusi Bangun Indonesia Tbk.,1977-08-10,9019381973.0,Utama,Basic Materials,1400.0,12627134762200.0,2021-11-01 09:00:00,2023-01-06 15:59:00,2020-04-16 09:00:00,2023-01-06 15:00:00,2001-04-16,2023-01-06,1.0,1400.0,0.5392,0.3147,0.027
SMDM,Suryamas Dutamakmur Tbk.,1995-10-12,4772138237.0,Pengembangan,Properties & Real Estate,174.0,830352053238.0,2021-11-01 09:00:00,2023-01-06 15:59:00,2020-04-16 09:00:00,2023-01-06 15:00:00,2001-04-16,2023-01-06,1.0,174.0,0.4866,-0.2704,0.0494
SMDR,Samudera Indonesia  Tbk.,1999-07-05,3275120000.0,Utama,Transportation & Logistic,1840.0,6026220800000.0,2021-11-01 09:00:00,2023-01-06 15:59:00,2020-04-16 09:00:00,2023-01-06 15:00:00,2001-04-16,2023-01-06,1.0,1840.0,0.3573,-0.1634,0.0706
SMGR,Semen Indonesia (Persero) Tbk.,1991-07-08,5931520000.0,Utama,Basic Materials,7075.0,41965504000000.0,2021-11-01 09:00:00,2023-01-06 15:59:00,2020-04-16 09:00:00,2023-01-06 15:00:00,2001-04-16,2023-01-06,1.0,7075.0,0.8097,0.4106,0.0714
SMKL,Satyamitra Kemas Lestari Tbk.,2019-07-11,3405598451.0,Utama,Basic Materials,246.0,837777218946.0,2021-11-01 09:00:00,2023-01-06 15:59:00,2020-04-16 09:00:00,2023-01-06 15:00:00,2019-07-11,2023-01-06,1.0,246.0,0.781,0.4949,0.0422
SMKM,Sumber Mas Konstruksi Tbk.,2022-03-09,1253000000.0,Akselerasi,Infrastructures,630.0,789390000000.0,2022-03-09 09:00:00,2023-01-06 15:59:00,2022-03-09 09:00:00,2023-01-06 15:00:00,2022-03-09,2023-01-06,1.0,630.0,0.1283,0.4326,0.0112
SMMA,Sinarmas Multiartha Tbk.,1995-07-05,6367664717.0,Utama,Financials,12150.0,77367126311550.0,2021-11-01 09:00:00,2023-01-06 15:59:00,2020-04-16 09:00:00,2023-01-06 15:00:00,2001-04-16,2023-01-06,1.0,12150.0,0.1459,-0.0696,0.0359
SMMT,Golden Eagle Energy Tbk.,1997-12-01,3150000000.0,Pengembangan,Energy,640.0,2016000000000.0,2021-11-01 09:00:00,2023-01-06 15:59:00,2020-04-16 09:00:00,2023-01-06 15:00:00,2001-04-16,2023-01-06,1.0,640.0,0.6358,0.404,0.0454
SMRA,Summarecon Agung Tbk.,1990-05-07,16508568358.0,Utama,Properties & Real Estate,560.0,9244798280480.0,2021-11-01 09:00:00,2023-01-06 15:59:00,2020-04-16 09:00:00,2023-01-06 15:00:00,2001-04-16,2023-01-06,1.0,560.0,0.6299,-0.1459,0.0607
SMRU,SMR Utama Tbk.,2011-10-10,12499385782.0,Pengembangan,Energy,50.0,624969289100.0,,,,,2011-10-10,2023-01-06,1.0,50.0,0.0735,0.4118,0.0538
SMSM,Selamat Sempurna Tbk.,1996-09-09,5758675440.0,Utama,Consumer Cyclicals,1545.0,8897153554800.0,2021-11-01 09:00:00,2023-01-06 15:59:00,2020-04-16 09:00:00,2023-01-06 15:00:00,2001-04-16,2023-01-06,1.0,1545.0,0.7816,0.3922,0.0433
SNLK,Sunter Lakeside Hotel Tbk.,2021-03-29,450000000.0,Pengembangan,Consumer Cyclicals,695.0,312750000000.0,2021-11-01 09:00:00,2023-01-06 15:59:00,2021-03-29 09:00:00,2023-01-06 15:00:00,2021-03-29,2023-01-06,1.0,695.0,0.4019,0.1277,0.0111
SOCI,Soechi Lines Tbk.,2014-12-03,7059000000.0,Utama,Energy,176.0,1242384000000.0,2021-11-01 09:00:00,2023-01-06 15:59:00,2020-04-16 09:00:00,2023-01-06 15:00:00,2014-12-03,2023-01-06,1.0,176.0,0.6956,-0.0122,0.0257
SOFA,Boston Furniture Industries Tb,2020-07-07,1653574499.0,Akselerasi,Consumer Cyclicals,28.0,46300085972.0,2021-11-01 09:00:00,2023-01-06 15:59:00,2020-07-07 09:00:00,2023-01-06 15:00:00,2020-07-07,2023-01-06,1.0,28.0,0.2915,0.317,0.0085
SOHO,Soho Global Health Tbk.,2020-09-08,1269168239.0,Utama,Healthcare,5600.0,7107342138400.0,2021-11-01 09:00:00,2023-01-06 15:59:00,2020-09-08 09:00:00,2023-01-06 15:00:00,2020-09-08,2023-01-06,1.0,5600.0,0.0772,0.3282,0.0148
SONA,Sona Topas Tourism Industry Tb,1992-07-21,331200000.0,Utama,Consumer Cyclicals,4400.0,1457280000000.0,2021-11-01 09:00:00,2022-12-09 15:59:00,2020-04-16 09:00:00,2022-12-09 16:00:00,2001-04-16,2023-01-06,1.0,4400.0,0.7395,0.0601,0.0325
SOSS,Shield On Service Tbk.,2018-11-06,660098805.0,Pengembangan,Industrials,400.0,264039522000.0,2021-11-01 09:00:00,2023-01-06 15:59:00,2020-04-16 09:00:00,2023-01-06 15:00:00,2018-11-06,2023-01-06,1.0,400.0,0.1709,0.2396,0.003
SOTS,Satria Mega Kencana Tbk.,2018-12-10,1000000075.0,Pengembangan,Consumer Cyclicals,320.0,320000024000.0,2021-11-01 09:00:00,2023-01-06 15:59:00,2020-04-16 09:00:00,2023-01-06 15:00:00,2018-12-10,2023-01-06,1.0,320.0,0.6319,0.0888,0.0517
SOUL,Mitra Tirta Buwana Tbk.,2023-01-06 00:00:00,1082500000.0,Akselerasi,Consumer Non-Cyclicals,99.0,107167500000.0,2023-01-06 09:00:00,2023-01-06 15:59:00,2023-01-06 09:00:00,2023-01-06 15:00:00,2023-01-06,2023-01-06,1.0,99.0,0.8238,0.2499,0.0275
SPMA,Suparma Tbk.,1994-11-16,2791233198.0,Utama,Basic Materials,482.0,1345374401436.0,2021-11-01 09:00:00,2023-01-06 15:59:00,2020-04-16 09:00:00,2023-01-06 15:00:00,2001-04-16,2023-01-06,1.0,482.0,0.4219,0.4702,0.032
SPTO,Surya Pertiwi Tbk.,2018-05-14,2700000000.0,Pengembangan,Industrials,545.0,1471500000000.0,2021-11-01 09:00:00,2023-01-06 15:59:00,2020-04-16 09:00:00,2023-01-06 15:00:00,2018-05-14,2023-01-06,1.0,545.0,0.4365,-0.0324,0.0782
SQMI,Wilton Makmur Indonesia Tbk.,2004-07-15,15537591429.0,Pengembangan,Basic Materials,59.0,916717894311.0,2021-11-01 09:00:00,2023-01-06 15:59:00,2020-04-16 09:00:00,2023-01-06 15:00:00,2004-07-15,2023-01-06,1.0,59.0,0.0747,0.26,0.0286
SRAJ,Sejahteraraya Anugrahjaya Tbk.,2011-04-11,12000705445.0,Utama,Healthcare,600.0,7200423267000.0,2021-11-01 09:00:00,2023-01-06 15:59:00,2020-04-16 09:00:00,2023-01-06 15:00:00,2011-04-11,2023-01-06,1.0,600.0,0.4529,-0.2971,0.0713
SRIL,Sri Rejeki Isman Tbk.,2013-06-17,20452176844.0,Utama,Consumer Cyclicals,146.0,2986017819224.0,,,2020-04-16 09:00:00,2022-04-15 16:00:00,2013-06-17,2023-01-06,1.0,146.0,0.8489,-0.0094,0.0622
SRSN,Indo Acidatama Tbk,1993-01-11,6020000000.0,Utama,Basic Materials,52.0,313040000000.0,2021-11-01 09:00:00,2023-01-06 15:59:00,2020-04-16 09:00:00,2023-01-06 15:00:00,2001-04-16,2023-01-06,1.0,52.0,0.4957,-0.1721,0.0135
SRTG,Saratoga Investama Sedaya Tbk.,2013-06-26,13564835000.0,Utama,Financials,2360.0,32013010600000.0,2021-11-01 09:00:00,2023-01-06 15:59:00,2020-04-16 09:00:00,2023-01-06 15:00:00,2013-06-26,2023-01-06,1.0,2360.0,0.4769,-0.1018,0.0353
SSIA,Surya Semesta Internusa Tbk.,1997-03-27,4705249440.0,Utama,Infrastructures,260.0,1223364854400.0,2021-11-01 09:00:00,2023-01-06 15:59:00,2020-04-16 09:00:00,2023-01-06 15:00:00,2001-04-16,2023-01-06,1.0,260.0,0.0967,-0.098,0.0408
SSMS,Sawit Sumbermas Sarana Tbk.,2013-12-12,9525000000.0,Utama,Consumer Non-Cyclicals,1510.0,14382750000000.0,2021-11-01 09:00:00,2023-01-06 15:59:00,2020-04-16 09:00:00,2023-01-06 15:00:00,2013-12-12,2023-01-06,1.0,1510.0,0.6235,0.0944,0.0779
SSTM,Sunson Textile Manufacture Tbk,1997-08-20,1170909181.0,Pengembangan,Consumer Cyclicals,790.0,925018252990.0,2021-11-01 09:00:00,2022-12-30 15:59:00,2020-04-16 09:00:00,2022-12-30 15:00:00,2001-04-16,2023-01-06,1.0,790.0,0.7637,-0.2195,0.0689
STAA,Sumber Tani Agung Resources Tb,2022-03-10,10903372600.0,Utama,Consumer Non-Cyclicals,1025.0,11175956915000.0,2022-03-10 09:00:00,2023-01-06 15:59:00,2022-03-10 09:00:00,2023-01-06 15:00:00,2022-03-10,2023-01-06,1.0,1025.0,0.759,0.0096,0.0139
STAR,Buana Artha Anugerah Tbk.,2011-07-13,4800000602.0,Utama,Financials,139.0,667200083678.0,2021-11-01 09:00:00,2023-01-06 15:59:00,2020-04-16 09:00:00,2023-01-06 15:00:00,2011-07-13,2023-01-06,1.0,139.0,0.7162,0.0709,0.0778
STTP,Siantar Top Tbk.,1996-12-16,1310000000.0,Pengembangan,Consumer Non-Cyclicals,7600.0,9956000000000.0,2021-11-01 09:00:00,2023-01-06 15:59:00,2020-04-16 09:00:00,2023-01-06 15:00:00,2001-04-16,2023-01-06,1.0,7600.0,0.8081,0.4094,0.0686
SUGI,Sugih Energy Tbk.,2002-06-19,24811541414.0,Pengembangan,Energy,,,,,,,,,,,0.7452,0.4407,0.0734
SULI,SLJ Global Tbk.,1994-03-21,3986916802.0,Utama,Basic Materials,142.0,566142185884.0,2021-11-01 09:00:00,2023-01-06 15:59:00,2020-04-16 09:00:00,2023-01-06 15:00:00,2001-04-16,2023-01-06,1.0,142.0,0.5507,0.0473,0.0688
SUPR,Solusi Tunas Pratama Tbk.,2011-10-11,1137579698.0,Pengembangan,Infrastructures,34000.0,38677709732000.0,2021-11-01 09:00:00,2023-01-06 15:59:00,2020-04-16 09:00:00,2023-01-06 15:00:00,2011-10-11,2023-01-06,1.0,34000.0,0.6685,0.0301,0.053
SURE,Super Energy Tbk.,2018-10-05,1497576771.0,Pengembangan,Energy,1720.0,2575832046120.0,2021-11-01 09:00:00,2022-12-30 15:59:00,2020-04-16 09:00:00,2022-12-30 15:00:00,2018-10-05,2023-01-06,1.0,1720.0,0.5734,0.123,0.063
SWAT,Sriwahana Adityakarta Tbk.,2018-06-08,3019200000.0,Pengembangan,Basic Materials,50.0,150960000000.0,2021-11-01 09:00:00,2023-01-06 15:59:00,2020-04-16 09:00:00,2023-01-06 15:00:00,2018-06-08,2023-01-06,1.0,50.0,0.5434,-0.0601,0.0292
SWID,Saraswanti Indoland Developmen,2022-07-07,5385000000.0,Pengembangan,Properties & Real Estate,100.0,538500000000.0,2022-07-07 09:00:00,2023-01-06 15:59:00,2022-07-07 09:00:00,2023-01-06 15:00:00,2022-07-07,2023-01-06,1.0,100.0,0.7433,0.4242,0.0525
TALF,Tunas Alfin Tbk.,2014-01-17,1353435000.0,Pengembangan,Basic Materials,312.0,422271720000.0,2021-11-01 09:00:00,2023-01-06 15:59:00,2020-04-16 09:00:00,2023-01-06 15:00:00,2014-01-17,2023-01-06,1.0,312.0,0.4598,0.2968,0.0236
TAMA,Lancartama Sejati Tbk.,2020-02-10,1000000005.0,Pengembangan,Infrastructures,50.0,50000000250.0,2021-11-01 09:00:00,2023-01-06 15:59:00,2020-04-16 09:00:00,2023-01-06 15:00:00,2020-02-10,2023-01-06,1.0,50.0,0.114,0.193,0.0635
TAMU,Pelayaran Tamarin Samudra Tbk.,2017-05-10,37500000000.0,Pengembangan,Energy,50.0,1875000000000.0,2021-11-01 09:00:00,2023-01-06 15:59:00,2020-04-16 09:00:00,2023-01-06 15:00:00,2017-05-10,2023-01-06,1.0,50.0,0.7565,0.4394,0.005
TAPG,Triputra Agro Persada Tbk.,2021-04-12,19852540000.0,Utama,Consumer Non-Cyclicals,610.0,12110049400000.0,2021-11-01 09:00:00,2023-01-06 15:59:00,2021-04-12 09:00:00,2023-01-06 15:00:00,2021-04-12,2023-01-06,1.0,610.0,0.7989,-0.216,0.0574
TARA,Agung Semesta Sejahtera Tbk.,2014-07-11,10069645750.0,Utama,Properties & Real Estate,50.0,503482287500.0,2021-11-01 09:00:00,2023-01-06 15:59:00,2020-04-16 09:00:00,2023-01-06 15:00:00,2014-07-11,2023-01-06,1.0,50.0,0.7414,0.4628,0.0483
TAXI,Express Transindo Utama Tbk.,2012-11-02,10223647156.0,Utama,Transportation & Logistic,50.0,511182357800.0,2021-11-01 09:00:00,2023-01-06 15:59:00,2020-04-16 09:00:00,2023-01-06 15:00:00,2012-11-02,2023-01-06,1.0,50.0,0.7676,0.3032,0.0729
TAYS,Jaya Swarasa Agung Tbk.,2021-12-06,1098920000.0,Pengembangan,Consumer Non-Cyclicals,540.0,593416800000.0,2021-12-06 09:00:00,2023-01-06 15:59:00,2021-12-06 09:00:00,2023-01-06 15:00:00,2021-12-06,2023-01-06,1.0,540.0,0.6025,0.2325,0.0635
TBIG,Tower Bersama Infrastructure T,2010-10-26,22656999445.0,Utama,Infrastructures,2130.0,48259408817850.0,2021-11-01 09:00:00,2023-01-06 15:59:00,2020-04-16 09:00:00,2023-01-06 15:00:00,2010-10-26,2023-01-06,1.0,2130.0,0.2318,0.4578,0.0121
TBLA,Tunas Baru Lampung Tbk.,2000-02-14,5342098939.0,Utama,Consumer Non-Cyclicals,690.0,3686048267910.0,2021-11-01 09:00:00,2023-01-06 15:59:00,2020-04-16 09:00:00,2023-01-06 15:00:00,2001-04-16,2023-01-06,1.0,690.0,0.8226,0.0317,0.029
TBMS,Tembaga Mulia Semanan Tbk.,1990-05-23,367340000.0,Pengembangan,Basic Materials,1575.0,578560500000.0,2021-11-01 09:00:00,2023-01-06 15:59:00,2020-04-16 09:00:00,2023-01-06 15:00:00,2001-04-16,2023-01-06,1.0,1575.0,0.6227,0.0467,0.0219
TCID,Mandom Indonesia Tbk.,1993-09-30,201066667.0,Utama,Consumer Non-Cyclicals,6225.0,1251640002075.0,2021-11-01 09:00:00,2023-01-06 15:59:00,2020-04-16 09:00:00,2023-01-06 15:00:00,2001-04-16,2023-01-06,1.0,6225.0,0.5275,-0.1476,0.0054
TCPI,Transcoal Pacific Tbk.,2018-07-06,5000000000.0,Pengembangan,Energy,7600.0,38000000000000.0,2021-11-01 09:00:00,2023-01-06 15:59:00,2020-04-16 09:00:00,2023-01-06 15:00:00,2018-07-06,2023-01-06,1.0,7600.0,0.5062,0.1443,0.0687
TDPM,Tridomain Performance Material,2018-04-09,10485050500.0,Utama,Basic Materials,119.0,1247721009500.0,,,2020-04-16 09:00:00,2022-04-15 16:00:00,2018-04-09,2023-01-06,1.0,119.0,0.56,0.1053,0.0724
TEBE,Dana Brata Luhur Tbk.,2019-11-18,1285000000.0,Pengembangan,Energy,805.0,1034425000000.0,2021-11-01 09:00:00,2023-01-06 15:59:00,2020-04-16 09:00:00,2023-01-06 15:00:00,2019-11-18,2023-01-06,1.0,805.0,0.7291,0.2097,0.0798
TECH,Indosterling Technomedia Tbk.,2020-06-04,1256300000.0,Pengembangan,Technology,3300.0,4145790000000.0,2021-11-01 09:00:00,2023-01-06 15:59:00,2020-06-04 09:00:00,2023-01-06 15:00:00,2020-06-04,2023-01-06,1.0,3300.0,0.2074,-0.1556,0.0525
TELE,Tiphone Mobile Indonesia Tbk.,2012-01-12,7302194889.0,Utama,Consumer Cyclicals,50.0,365109744450.0,2022-06-06 09:00:00,2023-01-06 15:59:00,2020-04-16 09:00:00,2023-01-06 15:00:00,2012-01-12,2023-01-06,1.0,50.0,0.7148,0.2198,0.0755
TFAS,Telefast Indonesia Tbk.,2019-09-17,1666666500.0,Pengembangan,Technology,3480.0,5799999420000.0,2021-11-01 09:00:00,2023-01-06 15:59:00,2020-04-16 09:00:00,2023-01-06 15:00:00,2019-09-17,2023-01-06,1.0,3480.0,0.5988,0.2022,0.0268
TFCO,Tifico Fiber Indonesia Tbk.,1980-02-26,4823076400.0,Pengembangan,Consumer Cyclicals,670.0,3231461188000.0,2021-11-01 09:00:00,2023-01-06 15:59:00,2020-04-16 09:00:00,2023-01-06 15:00:00,2001-04-16,2023-01-06,1.0,670.0,0.0504,-0.0077,0.0261
TGKA,Tigaraksa Satria Tbk.,1990-06-11,918492750.0,Pengembangan,Consumer Non-Cyclicals,7000.0,6429449250000.0,2021-11-01 09:00:00,2023-01-06 15:59:00,2020-04-16 09:00:00,2023-01-06 15:00:00,2001-04-16,2023-01-06,1.0,7000.0,0.4784,-0.1068,0.0633
TGRA,Terregra Asia Energy Tbk.,2017-05-16,2750000000.0,Utama,Infrastructures,50.0,137500000000.0,2021-11-01 09:00:00,2023-01-06 15:59:00,2020-04-16 09:00:00,2023-01-06 15:00:00,2017-05-16,2023-01-06,1.0,50.0,0.1095,-0.0312,0.0644
TIFA,KDB Tifa Finance Tbk.,2011-07-08,3552213000.0,Pengembangan,Financials,430.0,1527451590000.0,2021-11-01 09:00:00,2023-01-06 15:59:00,2020-04-16 09:00:00,2023-01-06 15:00:00,2011-07-08,2023-01-06,1.0,430.0,0.3904,0.2003,0.0757
TINS,Timah Tbk.,1995-10-19,7447753454.0,Utama,Basic Materials,1145.0,8527677704830.0,2021-11-01 09:00:00,2023-01-06 15:59:00,2020-04-16 09:00:00,2023-01-06 15:00:00,2001-04-16,2023-01-06,1.0,1145.0,0.1941,-0.2177,0.0021
TIRA,Tira Austenite Tbk,1993-07-27,588000000.0,Pengembangan,Industrials,408.0,239904000000.0,2021-11-01 09:00:00,2023-01-06 15:59:00,2020-04-16 09:00:00,2023-01-06 15:00:00,2001-04-16,2023-01-06,1.0,408.0,0.4673,-0.052,0.0233
TIRT,Tirta Mahakam Resources Tbk,1999-12-13,1011774750.0,Utama,Basic Materials,50.0,50588737500.0,2021-11-01 09:00:00,2023-01-06 15:59:00,2020-04-16 09:00:00,2023-01-06 15:00:00,2001-04-16,2023-01-06,1.0,50.0,0.7676,0.1617,0.0127
TKIM,Pabrik Kertas Tjiwi Kimia Tbk.,1990-04-03,3113223570.0,Utama,Basic Materials,6975.0,21714734400750.0,2021-11-01 09:00:00,2023-01-06 15:59:00,2020-04-16 09:00:00,2023-01-06 15:00:00,2001-04-16,2023-01-06,1.0,6975.0,0.2066,0.0371,0.0367
TLDN,Teladan Prima Agro Tbk.,2022-04-12,12946530200.0,Utama,Consumer Non-Cyclicals,585.0,7573720167000.0,2022-04-12 09:00:00,2023-01-06 15:59:00,2022-04-12 09:00:00,2023-01-06 15:00:00,2022-04-12,2023-01-06,1.0,585.0,0.8429,0.1821,0.0196
TLKM,Telkom Indonesia (Persero) Tbk,1995-11-14,99062216600.0,Utama,Infrastructures,3710.0,367520823586000.0,2021-11-01 09:00:00,2023-01-06 15:59:00,2020-04-16 09:00:00,2023-01-06 15:00:00,2001-04-16,2023-01-06,1.0,3710.0,0.1929,0.3207,0.0038
TMAS,Temas Tbk.,2003-07-09,5705150000.0,Utama,Transportation & Logistic,2030.0,11581454500000.0,2021-11-01 09:00:00,2023-01-06 15:59:00,2020-04-16 09:00:00,2023-01-06 15:00:00,2003-07-09,2023-01-06,1.0,2030.0,0.2363,-0.0252,0.0386
TMPO,Tempo Intimedia Tbk.,2001-01-08,1058333250.0,Pengembangan,Consumer Cyclicals,117.0,123824990250.0,2021-11-01 09:00:00,2023-01-06 15:59:00,2020-04-16 09:00:00,2023-01-06 15:00:00,2001-04-16,2023-01-06,1.0,117.0,0.4617,-0.2115,0.0253
TNCA,Trimuda Nuansa Citra Tbk.,2018-06-28,421640000.0,Pengembangan,Transportation & Logistic,282.0,118902480000.0,2021-11-01 09:00:00,2023-01-06 15:59:00,2020-04-16 09:00:00,2023-01-06 15:00:00,2018-06-28,2023-01-06,1.0,282.0,0.5747,-0.1495,0.0425
TOBA,TBS Energi Utama Tbk.,2012-07-06,8049964000.0,Utama,Energy,545.0,4387230380000.0,2021-11-01 09:00:00,2023-01-06 15:59:00,2020-04-16 09:00:00,2023-01-06 15:00:00,2012-07-06,2023-01-06,1.0,545.0,0.8176,-0.2374,0.0574
TOOL,Rohartindo Nusantara Luas Tbk.,2022-08-09,2050000000.0,Pengembangan,Consumer Cyclicals,73.0,149650000000.0,2022-08-09 09:00:00,2023-01-06 15:59:00,2022-08-09 09:00:00,2023-01-06 15:00:00,2022-08-09,2023-01-06,1.0,73.0,0.4927,0.3709,0.0368
TOPS,Totalindo Eka Persada Tbk.,2017-06-16,33330000000.0,Utama,Infrastructures,50.0,1666500000000.0,2021-11-01 09:00:00,2023-01-06 15:59:00,2020-04-16 09:00:00,2023-01-06 15:00:00,2017-06-16,2023-01-06,1.0,50.0,0.2302,0.4453,0.0657
TOTL,Total Bangun Persada Tbk.,2006-07-25,3410000000.0,Utama,Infrastructures,304.0,1036640000000.0,2021-11-01 09:00:00,2023-01-06 15:59:00,2020-04-16 09:00:00,2023-01-06 15:00:00,2006-07-25,2023-01-06,1.0,304.0,0.6456,-0.1912,0.0349
TOTO,Surya Toto Indonesia Tbk.,1990-10-30,10320000000.0,Pengembangan,Industrials,264.0,2724480000000.0,2021-11-01 09:00:00,2023-01-06 15:59:00,2020-04-16 09:00:00,2023-01-06 15:00:00,2001-04-16,2023-01-06,1.0,264.0,0.5761,0.4959,0.0566
TOWR,Sarana Menara Nusantara Tbk.,2010-03-08,51014625000.0,Utama,Infrastructures,1155.0,58921891875000.0,2021-11-01 09:00:00,2023-01-06 15:59:00,2020-04-16 09:00:00,2023-01-06 15:00:00,2010-03-08,2023-01-06,1.0,1155.0,0.1891,-0.0326,0.0718
TOYS,Sunindo Adipersada Tbk.,2020-08-06,1435000297.0,Pengembangan,Consumer Cyclicals,68.0,97580020196.0,2021-11-01 09:00:00,2023-01-06 15:59:00,2020-08-06 09:00:00,2023-01-06 15:00:00,2020-08-06,2023-01-06,1.0,68.0,0.7926,0.412,0.068
TPIA,Chandra Asri Petrochemical Tbk,2008-05-26,21627886273.0,Pengembangan,Basic Materials,2340.0,50609253878820.0,2021-11-01 09:00:00,2023-01-06 15:59:00,2020-04-16 09:00:00,2023-01-06 15:00:00,2008-05-26,2023-01-06,1.0,2340.0,0.8264,0.2632,0.046
TPMA,Trans Power Marine Tbk.,2013-02-20,2633300000.0,Pengembangan,Energy,456.0,1200784800000.0,2021-11-01 09:00:00,2023-01-06 15:59:00,2020-04-16 09:00:00,2023-01-06 15:00:00,2013-02-20,2023-01-06,1.0,456.0,0.2292,0.3447,0.0748
TRAM,Trada Alam Minera Tbk.,2008-09-10,49643627934.0,Utama,Energy,50.0,2482181396700.0,,,,,2008-09-10,2023-01-06,1.0,50.0,0.3851,0.4727,0.0104
TRGU,Cerestar Indonesia Tbk.,2022-07-08,7945412700.0,Pengembangan,Consumer Non-Cyclicals,220.0,1747990794000.0,2022-07-08 09:00:00,2023-01-06 15:59:00,2022-07-08 09:00:00,2023-01-06 15:00:00,2022-07-08,2023-01-06,1.0,220.0,0.2794,0.2369,0.0157
TRIL,Triwira Insanlestari Tbk.,2008-01-28,1200000000.0,Pengembangan,Industrials,,,,,,,,,,,0.1943,-0.167,0.0036
TRIM,Trimegah Sekuritas Indonesia T,2000-01-31,7109300000.0,Utama,Financials,218.0,1549827400000.0,2021-11-01 09:00:00,2023-01-06 15:59:00,2020-04-16 09:00:00,2023-01-06 15:00:00,2001-04-16,2023-01-06,1.0,218.0,0.1746,-0.1172,0.0391
TRIN,Perintis Triniti Properti Tbk.,2020-01-15,4399330905.0,Pengembangan,Properties & Real Estate,288.0,1267007300640.0,2021-11-01 09:00:00,2023-01-06 15:59:00,2020-04-16 09:00:00,2023-01-06 15:00:00,2020-01-15,2023-01-06,1.0,288.0,0.1181,-0.1339,0.0091
TRIO,Trikomsel Oke Tbk.,2009-04-14,26007494645.0,Utama,Consumer Cyclicals,,,,,,,,,,,0.7136,0.4556,0.0398
TRIS,Trisula International Tbk.,2012-06-28,3141443806.0,Pengembangan,Consumer Cyclicals,228.0,716249187768.0,2021-11-01 09:00:00,2023-01-06 15:59:00,2020-04-16 09:00:00,2023-01-06 15:00:00,2012-06-28,2023-01-06,1.0,228.0,0.5025,-0.145,0.0059
TRJA,Transkon Jaya Tbk.,2020-08-27,1510200000.0,Pengembangan,Transportation & Logistic,232.0,350366400000.0,2021-11-01 09:00:00,2023-01-06 15:59:00,2020-08-27 09:00:00,2023-01-06 15:00:00,2020-08-27,2023-01-06,1.0,232.0,0.8263,0.1852,0.031
TRST,Trias Sentosa Tbk.,1990-07-02,2808000000.0,Utama,Basic Materials,715.0,2007720000000.0,2021-11-01 09:00:00,2023-01-06 15:59:00,2020-04-16 09:00:00,2023-01-06 15:00:00,2001-04-16,2023-01-06,1.0,715.0,0.0879,0.2768,0.0207
TRUE,Triniti Dinamik Tbk.,2021-06-10,7570888280.0,Pengembangan,Properties & Real Estate,50.0,378544414000.0,2021-11-01 09:00:00,2023-01-06 15:59:00,2021-06-10 09:00:00,2023-01-06 15:00:00,2021-06-10,2023-01-06,1.0,50.0,0.3046,0.3137,0.0684
TRUK,Guna Timur Raya Tbk.,2018-05-23,435000000.0,Pengembangan,Transportation & Logistic,96.0,41760000000.0,2021-11-01 09:00:00,2023-01-06 15:59:00,2020-04-16 09:00:00,2023-01-06 15:00:00,2018-05-23,2023-01-06,1.0,96.0,0.4129,0.2156,0.0123
TRUS,Trust Finance Indonesia Tbk,2002-11-28,800000000.0,Pengembangan,Financials,426.0,340800000000.0,2021-11-01 09:00:00,2023-01-06 15:59:00,2020-04-16 09:00:00,2023-01-06 15:00:00,2002-11-28,2023-01-06,1.0,426.0,0.3736,0.4431,0.0563
TSPC,Tempo Scan Pacific Tbk.,1994-06-17,4509864300.0,Utama,Healthcare,1400.0,6313810020000.0,2021-11-01 09:00:00,2023-01-06 15:59:00,2020-04-16 09:00:00,2023-01-06 15:00:00,2001-04-16,2023-01-06,1.0,1400.0,0.564,0.1176,0.0239
TUGU,Asuransi Tugu Pratama Indonesi,2018-05-28,1777777800.0,Pengembangan,Financials,1535.0,2728888923000.0,2021-11-01 09:00:00,2023-01-06 15:59:00,2020-04-16 09:00:00,2023-01-06 15:00:00,2018-05-28,2023-01-06,1.0,1535.0,0.4124,-0.2464,0.0219
TURI,Tunas Ridean Tbk.,1995-05-16,5580000000.0,Utama,Consumer Cyclicals,1560.0,8704800000000.0,2021-11-01 09:00:00,2022-05-27 15:59:00,2020-04-16 09:00:00,2022-05-27 16:00:00,2001-04-16,2023-01-06,1.0,1560.0,0.2965,-0.0832,0.0119
UANG,Pakuan Tbk.,2020-07-06,1210000000.0,Pengembangan,Consumer Cyclicals,865.0,1046650000000.0,2021-11-01 09:00:00,2023-01-06 15:59:00,2020-07-06 09:00:00,2023-01-06 15:00:00,2020-07-06,2023-01-06,1.0,865.0,0.4528,0.1074,0.0139
UCID,Uni-Charm Indonesia Tbk.,2019-12-20,4156572300.0,Utama,Consumer Non-Cyclicals,1120.0,4655360976000.0,2021-11-01 09:00:00,2023-01-06 15:59:00,2020-04-16 09:00:00,2023-01-06 15:00:00,2019-12-20,2023-01-06,1.0,1120.0,0.1259,-0.0157,0.0417
UFOE,Damai Sejahtera Abadi Tbk.,2021-02-01,2287500000.0,Utama,Consumer Cyclicals,206.0,471225000000.0,2021-11-01 09:00:00,2023-01-06 15:59:00,2021-02-01 09:00:00,2023-01-06 15:00:00,2021-02-01,2023-01-06,1.0,206.0,0.2298,0.4166,0.0643
ULTJ,Ultra Jaya Milk Industry & Tra,1990-07-02,11553528000.0,Utama,Consumer Non-Cyclicals,1440.0,16637080320000.0,2021-11-01 09:00:00,2023-01-06 15:59:00,2020-04-16 09:00:00,2023-01-06 15:00:00,2001-04-16,2023-01-06,1.0,1440.0,0.1905,0.4004,0.014
UNIC,Unggul Indah Cahaya Tbk.,1989-11-06,383331363.0,Utama,Basic Materials,9925.0,3804563777775.0,2021-11-01 09:00:00,2023-01-06 15:59:00,2020-04-16 09:00:00,2023-01-06 15:00:00,2001-04-16,2023-01-06,1.0,9925.0,0.8342,0.1064,0.0391
UNIQ,Ulima Nitra Tbk.,2021-03-08,3138983000.0,Utama,Energy,63.0,197755929000.0,2021-11-01 09:00:00,2023-01-06 15:59:00,2021-03-08 09:00:00,2023-01-06 15:00:00,2021-03-08,2023-01-06,1.0,63.0,0.5958,-0.272,0.0138
UNIT,Nusantara Inti Corpora Tbk,2002-04-18,75422200.0,Pengembangan,Consumer Cyclicals,316.0,23833415200.0,,,2020-04-16 09:00:00,2022-04-15 16:00:00,2002-04-18,2023-01-06,1.0,316.0,0.1631,0.2489,0.0119
UNSP,Bakrie Sumatera Plantations Tb,1990-03-06,2500162344.0,Utama,Consumer Non-Cyclicals,134.0,335021754096.0,2021-11-01 09:00:00,2023-01-06 15:59:00,2020-04-16 09:00:00,2023-01-06 15:00:00,2001-04-16,2023-01-06,1.0,134.0,0.0547,0.2917,0.0204
UNTR,United Tractors Tbk.,1989-09-19,3730135136.0,Utama,Industrials,24975.0,93160125021600.0,2021-11-01 09:00:00,2023-01-06 15:59:00,2020-04-16 09:00:00,2023-01-06 15:00:00,2001-04-16,2023-01-06,1.0,24975.0,0.1073,0.3838,0.0625
UNVR,Unilever Indonesia Tbk.,1982-01-11,38150000000.0,Utama,Consumer Non-Cyclicals,4760.0,181594000000000.0,2021-11-01 09:00:00,2023-01-06 15:59:00,2020-04-16 09:00:00,2023-01-06 15:00:00,2001-04-16,2023-01-06,1.0,4760.0,0.6122,0.4405,0.0473
URBN,Urban Jakarta Propertindo Tbk.,2018-12-10,3232122640.0,Pengembangan,Properties & Real Estate,157.0,507443254480.0,2021-11-01 09:00:00,2023-01-06 15:59:00,2020-04-16 09:00:00,2023-01-06 15:00:00,2018-12-10,2023-01-06,1.0,157.0,0.5007,0.3984,0.0606
UVCR,Trimegah Karya Pratama Tbk.,2021-07-27,2000075630.0,Akselerasi,Technology,118.0,236008924340.0,2021-11-01 09:00:00,2023-01-06 15:59:00,2021-07-27 09:00:00,2023-01-06 15:00:00,2021-07-27,2023-01-06,1.0,118.0,0.2042,0.1278,0.0132
VICI,Victoria Care Indonesia Tbk.,2020-12-17,6708000000.0,Utama,Consumer Non-Cyclicals,488.0,3273504000000.0,2021-11-01 09:00:00,2023-01-06 15:59:00,2020-12-17 09:00:00,2023-01-06 15:00:00,2020-12-17,2023-01-06,1.0,488.0,0.1999,-0.17,0.0706
VICO,Victoria Investama Tbk.,2013-07-08,9150094680.0,Utama,Financials,148.0,1354214012640.0,2021-11-01 09:00:00,2023-01-06 15:59:00,2020-04-16 09:00:00,2023-01-06 15:00:00,2013-07-08,2023-01-06,1.0,148.0,0.3362,-0.0763,0.0406
VINS,Victoria Insurance Tbk.,2015-09-28,1460573616.0,Pengembangan,Financials,133.0,194256290928.0,2021-11-01 09:00:00,2023-01-06 15:59:00,2020-04-16 09:00:00,2023-01-06 15:00:00,2015-09-28,2023-01-06,1.0,133.0,0.7,-0.1299,0.045
VIVA,Visi Media Asia Tbk.,2011-11-21,16464270400.0,Utama,Consumer Cyclicals,50.0,823213520000.0,2021-11-01 09:00:00,2023-01-06 15:59:00,2020-04-16 09:00:00,2023-01-06 15:00:00,2011-11-21,2023-01-06,1.0,50.0,0.2258,0.1774,0.0291
VOKS,Voksel Electric Tbk.,1990-12-20,4155602595.0,Utama,Industrials,136.0,565161952920.0,2021-11-01 09:00:00,2023-01-06 15:59:00,2020-04-16 09:00:00,2023-01-06 15:00:00,2001-04-16,2023-01-06,1.0,136.0,0.2787,-0.2491,0.0293
VRNA,Verena Multi Finance Tbk.,2008-06-25,5687353997.0,Pengembangan,Financials,99.0,563048045703.0,2021-11-01 09:00:00,2023-01-06 15:59:00,2020-04-16 09:00:00,2023-01-06 15:00:00,2008-06-25,2023-01-06,1.0,99.0,0.1778,0.1825,0.0382
VTNY,Venteny Fortuna International ,2022-12-15 00:00:00,6265193445.0,Pengembangan,Financials,444.0,2781745889580.0,2022-12-15 09:00:00,2023-01-06 15:59:00,2022-12-15 09:00:00,2023-01-06 15:00:00,2022-12-15,2023-01-06,1.0,444.0,0.8235,-0.0294,0.0401
WAPO,Wahana Pronatural Tbk.,2001-06-22,1240923111.0,Pengembangan,Consumer Non-Cyclicals,212.0,263075699532.0,2021-11-01 09:00:00,2023-01-06 15:59:00,2020-04-16 09:00:00,2023-01-06 15:00:00,2001-06-22,2023-01-06,1.0,212.0,0.4508,-0.0701,0.0447
WEGE,Wijaya Karya Bangunan Gedung T,2017-11-30,9572000000.0,Utama,Infrastructures,139.0,1330508000000.0,2021-11-01 09:00:00,2023-01-06 15:59:00,2020-04-16 09:00:00,2023-01-06 15:00:00,2017-11-30,2023-01-06,1.0,139.0,0.7652,-0.2333,0.0424
WEHA,WEHA Transportasi Indonesia Tb,2007-05-31,886411265.0,Utama,Transportation & Logistic,107.0,94846005355.0,2021-11-01 09:00:00,2023-01-06 15:59:00,2020-04-16 09:00:00,2023-01-06 15:00:00,2007-05-31,2023-01-06,1.0,107.0,0.6594,-0.0075,0.0113
WGSH,Wira Global Solusi Tbk.,2021-12-06,1042500000.0,Akselerasi,Technology,140.0,145950000000.0,2021-12-06 09:00:00,2023-01-06 15:59:00,2021-12-06 09:00:00,2023-01-06 15:00:00,2021-12-06,2023-01-06,1.0,140.0,0.299,-0.1301,0.0227
WICO,Wicaksana Overseas Internation,1994-08-08,1268950977.0,Pengembangan,Consumer Non-Cyclicals,378.0,479663469306.0,2021-11-01 09:00:00,2023-01-06 15:59:00,2020-04-16 09:00:00,2023-01-06 15:00:00,2001-04-16,2023-01-06,1.0,378.0,0.8027,0.254,0.0408
WIFI,Solusi Sinergi Digital Tbk.,2020-12-30,2050292287.0,Pengembangan,Consumer Cyclicals,131.0,268588289597.0,2021-11-01 09:00:00,2023-01-06 15:59:00,2020-12-30 09:00:00,2023-01-06 15:00:00,2020-12-30,2023-01-06,1.0,131.0,0.7964,0.2325,0.0254
WIIM,Wismilak Inti Makmur Tbk.,2012-12-18,2099873760.0,Utama,Consumer Non-Cyclicals,630.0,1322920468800.0,2021-11-01 09:00:00,2023-01-06 15:59:00,2020-04-16 09:00:00,2023-01-06 15:00:00,2012-12-18,2023-01-06,1.0,630.0,0.7161,-0.1641,0.063
WIKA,Wijaya Karya (Persero) Tbk.,2007-10-29,8969951372.0,Utama,Infrastructures,765.0,6862012799580.0,2021-11-01 09:00:00,2023-01-06 15:59:00,2020-04-16 09:00:00,2023-01-06 15:00:00,2007-10-29,2023-01-06,1.0,765.0,0.1392,0.3723,0.0193
WINR,Winner Nusantara Jaya Tbk.,2022-04-25,5235200000.0,Utama,Properties & Real Estate,50.0,261760000000.0,2022-04-25 09:00:00,2023-01-06 15:59:00,2022-04-25 09:00:00,2023-01-06 15:00:00,2022-04-25,2023-01-06,1.0,50.0,0.8292,-0.1711,0.0158
WINS,Wintermar Offshore Marine Tbk.,2010-11-29,4346087057.0,Utama,Energy,282.0,1225596550074.0,2021-11-01 09:00:00,2023-01-06 15:59:00,2020-04-16 09:00:00,2023-01-06 15:00:00,2010-11-29,2023-01-06,1.0,282.0,0.5087,0.3161,0.0121
WIRG,WIR ASIA Tbk.,2022-04-04,11919159000.0,Pengembangan,Technology,109.0,1299188331000.0,2022-04-04 09:00:00,2023-01-06 15:59:00,2022-04-04 09:00:00,2023-01-06 15:00:00,2022-04-04,2023-01-06,1.0,109.0,0.298,-0.1585,0.0541
WMPP,Widodo Makmur Perkasa Tbk.,2021-12-06,29419000000.0,Utama,Consumer Non-Cyclicals,71.0,2088749000000.0,2021-12-06 09:00:00,2023-01-06 15:59:00,2021-12-06 09:00:00,2023-01-06 15:00:00,2021-12-06,2023-01-06,1.0,71.0,0.7157,-0.2692,0.0117
WMUU,Widodo Makmur Unggas Tbk.,2021-02-02,12941176500.0,Utama,Consumer Non-Cyclicals,62.0,802352943000.0,2021-11-01 09:00:00,2023-01-06 15:59:00,2021-02-02 09:00:00,2023-01-06 15:00:00,2021-02-02,2023-01-06,1.0,62.0,0.0801,0.0454,0.0395
WOMF,Wahana Ottomitra Multiartha Tb,2004-12-13,3481481480.0,Utama,Financials,256.0,891259258880.0,2021-11-01 09:00:00,2023-01-06 15:59:00,2020-04-16 09:00:00,2023-01-06 15:00:00,2004-12-13,2023-01-06,1.0,256.0,0.569,0.2175,0.0192
WOOD,Integra Indocabinet Tbk.,2017-06-21,6362500000.0,Utama,Consumer Cyclicals,342.0,2175975000000.0,2021-11-01 09:00:00,2023-01-06 15:59:00,2020-04-16 09:00:00,2023-01-06 15:00:00,2017-06-21,2023-01-06,1.0,342.0,0.6707,0.1088,0.0325
WOWS,Ginting Jaya Energi Tbk.,2019-11-08,2475720000.0,Pengembangan,Energy,50.0,123786000000.0,2021-11-01 09:00:00,2023-01-06 15:59:00,2020-04-16 09:00:00,2023-01-06 15:00:00,2019-11-08,2023-01-06,1.0,50.0,0.6685,0.2087,0.056
WSBP,Waskita Beton Precast Tbk.,2016-09-20,26361157534.0,Utama,Basic Materials,95.0,2504309965730.0,2021-11-01 09:00:00,2022-02-04 15:59:00,2020-04-16 09:00:00,2022-04-15 16:00:00,2016-09-20,2023-01-06,1.0,95.0,0.7324,0.2474,0.0457
WSKT,Waskita Karya (Persero) Tbk.,2012-12-19,28806807016.0,Utama,Infrastructures,350.0,10082382455600.0,2021-11-01 09:00:00,2023-01-06 15:59:00,2020-04-16 09:00:00,2023-01-06 15:00:00,2012-12-19,2023-01-06,1.0,350.0,0.0912,-0.2403,0.0327
WTON,Wijaya Karya Beton Tbk.,2014-04-08,8715466600.0,Utama,Basic Materials,184.0,1603645854400.0,2021-11-01 09:00:00,2023-01-06 15:59:00,2020-04-16 09:00:00,2023-01-06 15:00:00,2014-04-08,2023-01-06,1.0,184.0,0.4013,-0.014,0.074
YELO,Yelooo Integra Datanet Tbk.,2018-10-29,1912774405.0,Pengembangan,Consumer Cyclicals,56.0,107115366680.0,2021-11-01 09:00:00,2023-01-06 15:59:00,2020-04-16 09:00:00,2023-01-06 15:00:00,2018-10-29,2023-01-06,1.0,56.0,0.4005,0.3642,0.0175
YPAS,Yanaprima Hastapersada Tbk,2008-03-05,668000089.0,Pengembangan,Basic Materials,650.0,434200057850.0,2021-11-01 09:00:00,2023-01-06 15:59:00,2020-04-16 09:00:00,2023-01-06 15:00:00,2008-03-05,2023-01-06,1.0,650.0,0.7263,0.3104,0.063
YULE,Yulie Sekuritas Indonesia Tbk.,2004-12-10,1785000000.0,Pengembangan,Financials,2230.0,3980550000000.0,2021-11-01 09:00:00,2023-01-06 15:59:00,2020-04-16 09:00:00,2023-01-06 15:00:00,2004-12-10,2023-01-06,1.0,2230.0,0.4444,0.3479,0.0711
ZATA,Bersama Zatta Jaya Tbk.,2022-11-10 00:00:00,8496000000.0,Utama,Consumer Cyclicals,112.0,951552000000.0,2022-11-10 09:00:00,2023-01-06 15:59:00,2022-11-10 09:00:00,2023-01-06 15:00:00,2022-11-11,2023-01-06,1.0,112.0,0.5213,-0.1809,0.0769
ZBRA,Dosni Roha Indonesia Tbk.,1991-08-01,2510706263.0,Pengembangan,Industrials,540.0,1355781382020.0,2021-11-01 09:00:00,2023-01-06 15:59:00,2020-04-16 09:00:00,2023-01-06 15:00:00,2001-04-16,2023-01-06,1.0,540.0,0.0738,0.0647,0.0706
ZINC,Kapuas Prima Coal Tbk.,2017-10-16,25250000000.0,Pengembangan,Basic Materials,50.0,1262500000000.0,2021-11-01 09:00:00,2023-01-06 15:59:00,2020-04-16 09:00:00,2023-01-06 15:00:00,2017-10-16,2023-01-06,1.0,50.0,0.0526,0.2514,0.0039
ZONE,Mega Perintis Tbk.,2018-12-12,870171478.0,Pengembangan,Consumer Cyclicals,1205.0,1048556630990.0,2021-11-01 09:00:00,2023-01-06 15:59:00,2020-04-16 09:00:00,2023-01-06 15:00:00,2018-12-12,2023-01-06,1.0,1205.0,0.2201,-0.079,0.0388
ZYRX,Zyrexindo Mandiri Buana Tbk.,2021-03-30,1333333350.0,Pengembangan,Technology,310.0,413333338500.0,2021-11-01 09:00:00,2023-01-06 15:59:00,2021-03-30 09:00:00,2023-01-06 15:00:00,2021-03-30,2023-01-06,1.0,310.0,0.521,-0.0025,0.0537
